original_input,keywords,tags,location_keywords,emotion_keywords
"Singapore's financial sector is at the cusp of a major digital transformation, driven by an ambitious regulatory framework designed to foster innovation while maintaining stability. The Monetary Authority of Singapore (MAS) has recently introduced a new sandbox program, allowing fintech startups to test groundbreaking solutions in a controlled environment. This initiative has spurred a wave of new entrants focused on everything from decentralized finance (DeFi) protocols to AI-powered wealth management tools. Local banks are responding with their own strategic partnerships and technology investments, aiming to integrate these new capabilities into their existing infrastructure. The goal is to solidify Singapore's position as a global financial hub that is not only technologically advanced but also resilient against emerging cyber threats and market volatility. This shift represents a fundamental re-evaluation of traditional banking models and a pivot toward a more agile, interconnected ecosystem.",monetary_authority_of_singapore; mas; fintech_startups; decentralized_finance; ai_wealth_management; local_banks,digital_transformation; regulatory_framework; fintech_innovation; sandbox_program; financial_hub; cyber_threats,singapore,ambition; resilience
"The education landscape in Singapore is undergoing a paradigm shift, moving away from a traditional, exam-centric model toward one that emphasizes skills-based learning and interdisciplinary knowledge. The Ministry of Education (MOE) has announced plans to integrate more project-based learning into the national curriculum, particularly at the secondary level. This new approach aims to equip students with critical thinking, problem-solving, and collaboration skills that are essential for the future economy. Universities and polytechnics are also re-evaluating their programs, introducing new majors in fields like data science, sustainable urban development, and creative technology. This push for a holistic education is complemented by significant government investment in lifelong learning initiatives, with schemes like SkillsFuture providing subsidies for adult learners to acquire new competencies. The ultimate goal is to build a workforce that is not only highly skilled but also adaptable and prepared for continuous learning throughout their careers.",ministry_of_education; skillsfuture,education_reform; skills_based_learning; lifelong_learning; holistic_education; project_based_learning,singapore,
"The burgeoning venture capital scene in Singapore has seen significant growth over the past year, with a focus on impact investing and sustainable technologies. A consortium of local and international firms recently launched a new fund, targeting early-stage startups that are developing solutions for climate change mitigation and renewable energy. This strategic move aligns with Singapore's national sustainability goals and its ambition to become a green finance hub for Southeast Asia. Analysts suggest this trend is a direct result of changing investor priorities and strong governmental support through grants and tax incentives. Financial institutions are also beginning to offer bespoke financing options for green projects, creating a robust pipeline of investment opportunities. This shift indicates a maturing market that is no longer solely focused on short-term gains but is instead looking to create long-term value and positive societal impact through responsible investment practices.",venture_capital; impact_investing; sustainable_technologies; climate_change; renewable_energy; green_finance_hub; governmental_support; tax_incentives; green_projects; responsible_investment,venture_capital; impact_investing; green_finance; sustainable_technology; startup_funding,singapore; southeast_asia,ambition; confidence
"Singapore's higher education institutions are pioneering innovative new teaching methodologies that leverage technology to create more personalized and engaging learning experiences. The National University of Singapore (NUS) and Nanyang Technological University (NTU) have both invested heavily in developing virtual reality (VR) laboratories for science and engineering students, allowing for complex simulations and experiments in a risk-free environment. Furthermore, the use of AI-driven platforms is helping educators to tailor coursework to individual student needs, providing real-time feedback and identifying areas where additional support is required. These technological advancements are part of a broader strategy to enhance educational outcomes and maintain Singapore's reputation for academic excellence. This progressive approach extends to professional development, with universities offering a range of online micro-credentials and executive education programs to meet the demand for upskilling and reskilling in a rapidly evolving job market.",national_university_of_singapore; nanyang_technological_university,higher_education; education_technology; personalized_learning; virtual_reality; ai_in_education; upskilling; reskilling,singapore,
"Singapore's private wealth management sector is experiencing a period of unprecedented growth, driven by a stable political climate and favorable tax policies that attract high-net-worth individuals from across the globe. The industry is increasingly adopting cutting-edge financial technologies to provide a more sophisticated and holistic service to clients. For instance, robo-advisors are being integrated with human financial planners to offer a hybrid model that combines automated portfolio management with bespoke, relationship-based advice. There is also a rising demand for specialized products, such as family office services and succession planning, as clients look for comprehensive solutions to manage their complex financial affairs. Regulatory bodies continue to ensure a high level of compliance and transparency, which reinforces the trust and confidence that international clients place in Singapore as a premier wealth management center in Asia. This robust framework is crucial for sustaining the sector's growth and attracting new capital.",private_wealth_management; high_net_worth_individuals; financial_technologies; robo_advisors; portfolio_management; family_office; succession_planning; regulatory_bodies,wealth_management; sector_growth; fintech_adoption; capital_inflow; regulation; compliance; transparency,singapore; asia,growth; stability; trust; confidence
"The education system in Singapore is increasingly focusing on holistic development, moving beyond academic rigor to include character and values education as a core component. Initiatives such as the Character and Citizenship Education (CCE) curriculum are now integral to the school experience, teaching students empathy, resilience, and civic responsibility. This shift is a response to the needs of a globalized world where soft skills are just as important as technical knowledge. Schools are also encouraged to provide a wider array of co-curricular activities (CCAs), offering students opportunities to develop leadership skills and explore interests outside the classroom. The Ministry of Education's emphasis on this well-rounded approach aims to produce not just high-achieving individuals, but responsible and compassionate citizens who can contribute meaningfully to society.",ministry_of_education; cce_curriculum; singapore,holistic_development; character_education; soft_skills; co_curricular; civic_responsibility,singapore,
"The Singaporean banking industry is embracing open banking initiatives, a move that is expected to revolutionize how consumers and businesses manage their finances. This framework, supported by the Monetary Authority of Singapore (MAS), enables third-party developers to create innovative financial applications by securely accessing customer data with their consent. This has paved the way for a new generation of apps that offer personalized financial advice, consolidated account views, and more efficient payment services. This open ecosystem fosters competition and collaboration, challenging traditional banks to innovate more rapidly. Experts predict that this will lead to a more customer-centric financial landscape where services are more integrated and tailored to individual needs, ultimately driving greater efficiency and transparency across the sector.",monetary_authority_of_singapore; singapore_banking,open_banking; financial_innovation; data_sharing; financial_apps; banking_competition,singapore,
"Vocational and technical education in Singapore is receiving a significant boost, with polytechnics and the Institute of Technical Education (ITE) forging stronger ties with industry partners. This collaboration ensures that the curriculum remains relevant and aligned with the latest industry demands, producing a workforce that is job-ready from day one. Companies are actively involved in designing courses, providing internships, and even setting up specialized training centers within the institutions. This symbiotic relationship not only benefits students by giving them real-world experience but also helps businesses by providing a steady pipeline of skilled talent. The government's SkillsFuture initiative further supports this, offering a range of subsidies and career guidance services to encourage individuals to pursue and excel in these vocational pathways, ultimately raising the value and prestige of technical skills in the national economy.",polytechnics; institute_of_technical_education; ite; skillsfuture,vocational_education; technical_education; industry_collaboration; curriculum_relevance; job_ready_workforce; skilled_talent; technical_skills,singapore,
"Singapore's sustainable finance sector is gaining momentum, with a growing number of financial institutions committing to green and social initiatives. The government has launched several schemes, including the Green and Sustainability-Linked Loan Grant Scheme (GSLS), which incentivizes companies to adopt sustainable practices by defraying the costs of obtaining green loans. This policy has spurred a wave of interest from corporations looking to align their operations with environmental, social, and governance (ESG) principles. Banks are creating specialized teams to assess and finance green projects, from renewable energy plants to sustainable infrastructure. This shift is not just a regulatory requirement but a market-driven change, as investors and consumers increasingly demand that their capital be deployed in ways that contribute positively to the environment and society.",gsls; esg,sustainable_finance; green_initiatives; green_loans; sustainable_practices; market_driven_change,singapore,momentum; interest; demand
"The Singaporean education system is increasingly leveraging data analytics to improve student outcomes and personalize learning pathways. Educational institutions are using data to identify learning gaps, predict student performance, and recommend targeted interventions. This allows educators to move beyond a one-size-fits-all approach and provide more tailored support to each student. Furthermore, the data helps in curriculum planning and resource allocation, ensuring that educational resources are deployed where they are most needed. The Ministry of Education has implemented a robust framework to ensure student data is handled securely and ethically, building trust among parents and the public. This data-driven approach is a key part of Singapore's Smart Nation initiative, aiming to create a more efficient and effective education system for future generations.",ministry_of_education; smart_nation_initiative,data_analytics; education_system; personalized_learning; student_outcomes,singapore,trust
"The Monetary Authority of Singapore (MAS) is taking a proactive stance on digital asset regulation, aiming to balance innovation with a need for consumer protection. New guidelines have been issued for digital payment token service providers, clarifying rules on licensing, anti-money laundering controls, and market conduct. This regulatory clarity is attracting more legitimate and well-capitalized players to the Singapore market, solidifying its position as a hub for blockchain and cryptocurrency innovation in a responsible manner. The MAS has also launched Project Ubin, a collaborative effort with the financial industry to explore the use of distributed ledger technology for clearing and settlement of payments and securities. This forward-looking approach ensures that Singapore remains at the forefront of financial technology while mitigating potential risks associated with the nascent digital asset space.",mas; digital_payment_tokens; project_ubin,digital_asset_rules; consumer_protection; blockchain_innovation; regulatory_clarity; distributed_ledger,singapore,proactive; responsible
"Singapore's primary schools are placing a renewed emphasis on bilingualism and cultural literacy, recognizing the importance of both for a globalized world. While English remains the primary medium of instruction, there is a strong focus on strengthening the mother tongue curriculum to ensure students are proficient in their native languages. Schools are using innovative teaching methods, such as storytelling, cultural immersion programs, and interactive media, to make language learning more engaging and relevant. This initiative is not just about language proficiency but also about preserving cultural identity and heritage. The Ministry of Education believes that a strong foundation in both English and their mother tongue will equip students with the linguistic and cultural skills needed to navigate a diverse global landscape, fostering a deeper sense of identity and community.",ministry_of_education; primary_schools,bilingualism; cultural_literacy; education_policy; mother_tongue; cultural_identity,singapore,
"The rise of sustainable finance in Singapore is being supported by a robust framework of green bonds and sustainability-linked loans. The Monetary Authority of Singapore (MAS) has introduced various schemes to encourage the issuance of these financial instruments, helping to channel capital towards environmentally friendly projects. This has led to a significant increase in the number of green bonds issued by both public and private entities, funding everything from clean energy projects to green building initiatives. Furthermore, banks are developing their own internal frameworks for assessing and reporting on ESG risks, integrating these considerations into their lending and investment decisions. This systemic shift is positioning Singapore as a leader in green finance in Asia, providing a clear pathway for businesses to contribute to a more sustainable future while also attracting a new class of socially conscious investors.",monetary_authority_of_singapore; mas,sustainable_finance; green_bonds; sustainability_loans; green_finance; esg_risks; green_projects,singapore; asia,
"The polytechnic education system in Singapore is becoming more agile and responsive to industry needs, with a growing number of specialized diplomas and certificates tailored to emerging sectors. Courses in areas like cybersecurity, urban farming, and e-sports management are now being offered to meet the demand for skilled talent in these non-traditional fields. These programs are often co-developed with industry partners, ensuring that the curriculum is practical and relevant. Furthermore, the polytechnics are increasing their focus on interdisciplinary projects, encouraging students from different fields to collaborate on real-world challenges. This approach prepares graduates to work in complex, multidisciplinary teams, a crucial skill in today's interconnected professional world. The goal is to ensure that polytechnic graduates are not only technically proficient but also creative and adaptable problem-solvers.",polytechnic_education; cybersecurity; urban_farming; e-sports_management; industry_partners,workforce_development; skilled_talent; specialized_diplomas; interdisciplinary; industry_needs,singapore,
"Singapore's asset management industry is witnessing a significant shift towards technology-driven solutions to enhance efficiency and client engagement. Firms are increasingly adopting advanced analytics and artificial intelligence to better understand market trends, optimize portfolio construction, and identify new investment opportunities. This technological integration is not just about improving returns; it's also about streamlining back-office operations and providing a more transparent and personalized experience for investors. The Monetary Authority of Singapore (MAS) is supporting this trend through its Fintech and Innovation Group, which provides grants and regulatory guidance to firms looking to adopt innovative solutions. This push for technology is solidifying Singapore's reputation as a sophisticated and forward-looking asset management hub, capable of meeting the evolving needs of both institutional and retail investors.",monetary_authority_of_singapore; fintech_and_innovation_group,asset_management; technology_adoption; fintech; artificial_intelligence; investment; efficiency; client_engagement,singapore,
"The Singaporean government is placing a strong emphasis on lifelong learning, with initiatives designed to help citizens upskill and reskill throughout their careers. The SkillsFuture movement is at the forefront of this effort, providing all Singaporeans with a credit to offset the cost of skills-based courses. This broad-based support encourages continuous learning and adaptability in a rapidly changing economy. In addition to financial support, SkillsFuture also offers career guidance and job matching services to help individuals navigate new career paths. The focus is on moving away from the traditional notion of a one-time education at the start of a career and instead embracing a culture of continuous development. This proactive approach aims to ensure that Singapore's workforce remains competitive and resilient in the face of technological disruption and economic shifts.",skillsfuture; singapore_government,lifelong_learning; upskilling; reskilling; workforce_resilience,singapore,
"The fintech sector in Singapore is maturing, with a growing number of companies moving beyond payments to offer a wider range of financial services, including lending, insurance, and wealth management. A key trend is the rise of embedded finance, where financial services are seamlessly integrated into non-financial applications, such as e-commerce platforms and ride-hailing services. This provides a more convenient and contextual experience for consumers, as they can access financial services at the point of need. Regulatory support from the Monetary Authority of Singapore (MAS) has been crucial, with flexible licensing frameworks for new business models. This innovation is not only changing how consumers interact with financial services but is also creating new business opportunities for a diverse range of companies, from established tech giants to nimble startups.",monetary_authority_of_singapore,fintech_sector; embedded_finance; financial_services; regulatory_support; financial_innovation,singapore,
"Singapore's primary school curriculum is evolving to place a greater emphasis on digital literacy and computational thinking from a young age. The Ministry of Education has introduced a new curriculum that incorporates elements of coding, robotics, and data analysis into subjects like mathematics and science. This initiative is designed to equip students with the foundational skills needed to thrive in a digital economy. The focus is not just on technical skills but also on developing logical reasoning, problem-solving, and creativity. Educators are using a range of hands-on activities and interactive tools to make learning fun and engaging. This forward-looking approach ensures that the next generation of Singaporeans is not just a consumer of technology but an active creator, capable of shaping the digital future.",ministry_of_education; primary_school_curriculum; digital_literacy; computational_thinking; digital_economy,curriculum_change; digital_skills; stem_education; coding_education; future_skills,singapore,optimism
"The Singaporean banking industry is leading the charge in developing sustainable financing solutions for businesses in Southeast Asia. Several major banks have launched dedicated green and sustainability-linked financing frameworks, offering favorable interest rates to companies that meet specific environmental and social performance targets. This has been particularly impactful in sectors like real estate and manufacturing, where the capital is used for energy-efficient upgrades and cleaner production methods. This strategic shift is a response to both increasing regulatory pressure and growing investor demand for corporate social responsibility. By providing these financial products, Singapore is cementing its role as a regional leader in green finance, helping to drive the transition towards a low-carbon economy across the region and beyond.",singaporean_banking; southeast_asia; real_estate; manufacturing; corporate_social,sustainable_financing; green_finance; green_loans; low_carbon_economy; energy_transition,singapore; southeast_asia,pressure; demand
"Singapore's universities are re-imagining their role in the community, moving beyond research and teaching to become catalysts for social change and lifelong learning. The National University of Singapore (NUS) and Nanyang Technological University (NTU) have both established new centers for social innovation, where students and faculty work with community partners to address pressing social issues. Furthermore, the universities are opening their doors to a wider audience through a range of professional development courses and public lectures, making knowledge more accessible to the general public. This new model reflects a commitment to a more engaged and inclusive approach to higher education, recognizing that universities have a responsibility to contribute to the well-being and development of the broader society.",national_university_of_singapore; nanyang_technological_university,higher_education; social_innovation; lifelong_learning; community_engagement; social_change,singapore,commitment; inclusive
"The Singaporean financial services sector is at the forefront of cyber resilience, with institutions investing heavily in advanced security measures to protect against increasingly sophisticated cyber threats. The Monetary Authority of Singapore (MAS) has set out stringent security guidelines, including the requirement for all financial institutions to conduct regular vulnerability assessments and penetration testing. This proactive approach ensures that the financial ecosystem is robust and able to withstand a wide range of cyber-attacks, from ransomware to phishing scams. Furthermore, there is a strong emphasis on industry-wide collaboration, with institutions sharing threat intelligence and best practices to stay one step ahead of cybercriminals. This collective effort is crucial for maintaining the trust and confidence that is the cornerstone of Singapore's success as a global financial hub.",monetary_authority_of_singapore; financial_services,cyber_resilience; cybersecurity; mas_guidelines; industry_collaboration; financial_sector,singapore,trust; confidence
"The Singaporean education system is increasingly focused on developing entrepreneurial skills and innovation from a young age. Schools are introducing new programs and co-curricular activities that encourage students to think like entrepreneurs, from designing and marketing a product to developing a business plan. These initiatives are often supported by collaborations with local startups and incubators, giving students real-world exposure to the entrepreneurial ecosystem. The goal is to cultivate a mindset of creativity, resilience, and problem-solving that will serve students well regardless of their future career path. This focus on innovation is a key part of Singapore's strategy to remain competitive in a knowledge-based economy, ensuring that the next generation is equipped to create new value and drive economic growth.",singaporean_education_system; local_startups; incubators,entrepreneurial_skills; innovation; education_system; economic_growth; knowledge-based_economy,singapore,
"Singapore's insurance industry is undergoing a digital transformation, with insurers leveraging technology to streamline processes, personalize products, and enhance customer experience. The use of artificial intelligence and machine learning is becoming common in underwriting and claims processing, leading to faster and more accurate assessments. Furthermore, insurers are using data analytics to develop more tailored and dynamic insurance products, such as usage-based car insurance and health insurance plans that reward healthy behaviors. This shift is also making insurance more accessible to the general population, with new digital platforms and mobile apps providing a more convenient way to purchase and manage policies. The Monetary Authority of Singapore (MAS) is supporting this innovation through its regulatory sandbox, allowing insurers to test new technologies and business models in a controlled environment.",monetary_authority_of_singapore,insurance_industry; digital_transformation; artificial_intelligence; data_analytics; regulatory_sandbox; customer_experience,singapore,
"The Singaporean education system is placing a greater emphasis on mental and emotional well-being, recognizing its crucial role in student success. Schools are introducing new initiatives to support students' mental health, including peer support programs, counseling services, and mindfulness workshops. The curriculum now includes lessons on emotional regulation and resilience, helping students to cope with academic stress and other life challenges. This shift is a response to a growing recognition of the pressures faced by young people in a high-achieving society. The Ministry of Education's focus on this area is part of a broader commitment to a holistic education that nurtures not just intellectual growth but also the emotional and psychological health of every student, ensuring they have the tools to thrive both in and out of the classroom.",ministry_of_education; education_system; peer_support; counseling_services,mental_health; student_well_being; holistic_education; emotional_regulation; academic_stress; resilience,singapore,stress; pressure; concern
"The Singapore Exchange (SGX) is a key player in the region's financial ecosystem, and it is actively embracing technology to enhance its services and attract new listings. The exchange has invested in advanced trading platforms and data analytics tools to provide investors with better market insights and faster execution. Furthermore, the SGX is exploring the use of blockchain technology for the issuance and trading of digital assets, aiming to create a more efficient and transparent market. This forward-looking approach is part of a broader strategy to maintain Singapore's position as a leading financial center in Asia, offering a comprehensive range of services for both traditional and emerging asset classes. The SGX's commitment to innovation is crucial for its continued growth and relevance in a rapidly changing global market.",singapore_exchange,financial_innovation; blockchain_technology; digital_assets; trading_platforms; data_analytics,singapore; asia,
"Singapore's community colleges and ITEs are becoming key hubs for adult learning and skills upgrading, offering a wide range of short courses and professional certifications. These institutions have forged strong partnerships with industry leaders to co-develop curricula that are highly relevant and practical. The courses are designed to help individuals acquire new skills for career transitions or to stay competitive in their current roles. The government’s SkillsFuture initiative provides subsidies that make these courses affordable and accessible to all Singaporeans, regardless of their age or background. This strong focus on continuous education is a cornerstone of Singapore's economic strategy, ensuring that the workforce is agile and able to adapt to new technologies and industry demands, thereby maintaining the country's economic dynamism.",community_colleges; ite; skillsfuture,adult_learning; skills_upgrading; continuous_education; industry_partnership; workforce_development,singapore,
"Singapore's sovereign wealth fund, GIC, is increasingly focusing on sustainable and long-term investments, with a growing allocation to renewable energy, green infrastructure, and climate-resilient technologies. This strategic shift is driven by a recognition that environmental, social, and governance (ESG) factors are material to long-term returns and risk management. GIC has integrated ESG analysis into its investment process across all asset classes, from public equities to private markets. This proactive approach not only aligns with Singapore's national sustainability goals but also positions the fund to capture new investment opportunities in the transition to a low-carbon economy. The fund's commitment to responsible investment sets a powerful example for other institutional investors in the region, promoting a more sustainable and responsible financial ecosystem.",gic; esg,sustainable_investing; long_term_investing; esg_integration; renewable_energy; green_infrastructure; climate_tech; low_carbon_economy; responsible_investment,singapore,
"The Singaporean education system is placing a greater emphasis on creativity and innovation through the arts and design curriculum. Schools are now required to integrate arts education into the core curriculum, providing students with opportunities to engage in visual arts, music, and drama. This initiative is designed to foster creative thinking, self-expression, and collaboration. Furthermore, new specialized arts and design schools have been established to provide a more focused pathway for artistically inclined students. The government believes that a strong foundation in the arts is essential for developing a well-rounded individual who can think outside the box and contribute to a more vibrant and innovative society. This holistic approach recognizes that creativity is a key skill for the future economy, and it is nurtured from a young age.",singaporean_education_system; arts_and_design; arts_and_design_schools; government,arts_education; creativity; innovation; curriculum_change; holistic_education,singapore,
"The rise of artificial intelligence (AI) in Singapore's financial sector is reshaping the landscape of consumer banking, with AI-powered chatbots and virtual assistants providing 24/7 customer support and personalized financial advice. Banks are leveraging AI to analyze customer data and offer tailored products, from credit cards to personal loans, at the right time. This technology is not only improving customer experience but also enhancing operational efficiency by automating routine tasks and reducing processing times. The Monetary Authority of Singapore (MAS) is actively encouraging the responsible use of AI in finance, providing guidelines and support to ensure that these technologies are deployed in a fair and transparent manner. This embrace of AI is a key part of Singapore's strategy to maintain its competitive edge as a global financial hub.",artificial_intelligence; ai; consumer_banking; ai_chatbots; virtual_assistants; mas; financial_sector,ai_in_finance; customer_experience; operational_efficiency; responsible_ai; financial_hub,singapore,
"The Singaporean education system is making a concerted effort to foster a culture of resilience and mental well-being among students, a crucial aspect of holistic development. New programs and curriculum materials have been introduced to help students understand and manage their emotions, cope with stress, and build strong interpersonal relationships. The Ministry of Education has also increased the number of school counselors and enhanced their training to better support students facing mental health challenges. This proactive and supportive approach recognizes that academic success is inextricably linked to a student's emotional health. The focus is on creating a safe and nurturing school environment where students feel comfortable seeking help and are equipped with the life skills to navigate the complexities of modern life.",ministry_of_education; singapore_education; school_counselors,mental_wellbeing; student_resilience; holistic_development; student_support; mental_health,singapore,stress; support
"The Singaporean banking sector is spearheading the development of digital identities for consumers, a move that will simplify financial transactions and enhance security. The Monetary Authority of Singapore (MAS) is working with banks and other financial institutions to create a secure, interoperable digital identity framework that will allow consumers to verify their identity seamlessly across different services. This initiative, known as the National Digital Identity (NDI) project, will reduce the need for physical documentation and provide a more secure and efficient way to conduct financial transactions. This framework is a cornerstone of Singapore's Smart Nation initiative, aiming to build a more convenient and secure digital ecosystem for all citizens and businesses, from banking to e-government services.",monetary_authority_of_singapore; mas; national_digital_identity; smart_nation,digital_identity; digital_banking; enhanced_security; fintech; e_government,singapore,
"Singapore's universities are increasingly focused on developing interdisciplinary programs that combine technology with the humanities and social sciences. New degrees in fields like 'Digital Humanities' and 'Urban Science' are being offered, which require students to integrate knowledge from multiple disciplines to solve complex real-world problems. This approach reflects the understanding that the most significant challenges of the future will require both technical expertise and a deep understanding of human behavior and societal dynamics. This pedagogical shift encourages students to think critically, collaborate effectively, and apply a broad range of skills to create innovative solutions. It represents a bold move to bridge the gap between STEM and the humanities, creating graduates who are not only technically proficient but also socially and culturally aware.",singapore_university; digital_humanities; urban_science; stem; humanities; social_sciences,interdisciplinary_prog; pedagogical_shift; tech_humanities; holistic_education; graduate_skills; innovation,singapore,optimism
"The Singaporean government is pushing to make finance a more accessible and inclusive sector, with new regulations designed to protect vulnerable consumers and promote financial literacy. The Monetary Authority of Singapore (MAS) has introduced guidelines to ensure that financial products are clearly explained and that consumers are not sold products that are unsuitable for their risk profile. Furthermore, there are now national campaigns and educational resources to help citizens, particularly the youth and the elderly, better understand financial concepts like budgeting, saving, and investing. This focus on financial inclusion is crucial for building a more resilient society where all citizens have the knowledge and tools to manage their finances effectively and secure their financial future.",singaporean_government; mas,financial_inclusion; regulation; consumer_protection; financial_literacy; financial_education,singapore,concern; resilience; security
"Singapore's primary schools are embracing a more flexible and student-centric approach to learning, with the implementation of the Primary Education Review and Implementation (PERI) recommendations. This framework encourages schools to move away from rote learning and toward more hands-on, activity-based lessons that cater to different learning styles. The curriculum now incorporates more playtime and non-academic activities, recognizing the importance of play in a child's development. This shift aims to create a more enjoyable and less stressful learning environment for young students, fostering a love for learning that will last a lifetime. The focus is on nurturing a child's natural curiosity and creativity, providing a strong foundation for their future academic and personal growth.",peri; primary_schools,education_reform; primary_education; student_centric; holistic_education; play_based_learning; student_wellbeing,singapore,enjoyment; stress_reduction; love
"The Singaporean banking sector is pioneering the use of blockchain technology to streamline cross-border payments, making international transactions faster, cheaper, and more transparent. Several major banks have collaborated with the Monetary Authority of Singapore (MAS) to explore the use of distributed ledger technology (DLT) for cross-border payments, reducing the need for multiple intermediaries and lengthy processing times. This initiative is a response to the growing demand for more efficient international payment solutions, particularly for businesses and individuals operating in the region. The use of blockchain promises to enhance security and reduce the risk of fraud, while also providing a clear audit trail for all transactions. This technological leap is a key part of Singapore's strategy to become a leading hub for regional financial services.",monetary_authority_of_singapore; mas; distributed_ledger_technology; dlt; singaporean_banking,blockchain_technology; cross-border_payments; financial_services; payment_solutions; international_transactions,singapore,
"The Singaporean education system is placing a strong emphasis on digital literacy and critical thinking skills to help students navigate the complexities of the digital age. New curriculum guidelines have been introduced to teach students how to evaluate the credibility of online information, identify fake news, and practice responsible online behavior. These skills are now considered as important as traditional literacy and numeracy. Schools are using a variety of interactive tools and real-world case studies to make these lessons relevant and engaging. The goal is to equip students with the ability to be discerning and responsible digital citizens who can contribute positively to an increasingly interconnected world. This proactive approach ensures that students are not just passive consumers of information but active and critical thinkers.",education_system,digital_literacy; critical_thinking; curriculum_update; fake_news; digital_citizenship,singapore,
"Singapore's insurance sector is evolving to meet the needs of a rapidly aging population, with a growing number of new products tailored to senior citizens. Insurers are introducing flexible health insurance plans, long-term care policies, and retirement annuities that provide a stable income stream for retirees. The use of technology is helping to make these products more accessible and understandable, with digital platforms that offer clear comparisons and easy application processes. The government is also playing a key role, with schemes like the CareShield Life long-term care insurance providing a basic level of protection for all citizens. This collaborative effort between the public and private sectors is crucial for ensuring that all Singaporeans have the financial security they need to age with dignity and peace of mind.",careshield_life; insurers; government,aging_population; senior_insurance; long_term_care; financial_security; health_insurance; retirement_annuities,singapore,dignity; peace_of_mind
"Singapore's universities are actively promoting social entrepreneurship and innovation, encouraging students to develop solutions that address social and environmental challenges. New programs and incubators have been established to support student-led startups with a social mission, providing them with mentorship, funding, and networking opportunities. These initiatives are often interdisciplinary, bringing together students from engineering, business, and social sciences to collaborate on projects ranging from sustainable urban farming to technology for the elderly. This focus on social impact is part of a broader trend in higher education to move beyond purely economic goals and cultivate a generation of leaders who are committed to creating a more equitable and sustainable society. It reflects a growing desire among students to use their skills to make a positive difference in the world.",singapore_universities; social_entrepreneurship; innovation; student_led_startups; higher_education,social_impact; student_incubation; interdisciplinary_collaboration; sustainable_society,singapore,positive_impact; aspiration
"The Monetary Authority of Singapore (MAS) is taking a proactive stance on digital asset regulation, aiming to balance innovation with a need for consumer protection. New guidelines have been issued for digital payment token service providers, clarifying rules on licensing, anti-money laundering controls, and market conduct. This regulatory clarity is attracting more legitimate and well-capitalized players to the Singapore market, solidifying its position as a hub for blockchain and cryptocurrency innovation in a responsible manner. The MAS has also launched Project Ubin, a collaborative effort with the financial industry to explore the use of distributed ledger technology for clearing and settlement of payments and securities. This forward-looking approach ensures that Singapore remains at the forefront of financial technology while mitigating potential risks associated with the nascent digital asset space.",monetary_authority_of_singapore; digital_payment_token; project_ubin,digital_asset_regulation; regulatory_clarity; consumer_protection; financial_innovation; blockchain; cryptocurrency; fintech,singapore,protection
"The Singaporean education system is increasingly focused on cultivating a culture of innovation and problem-solving through its science and technology curriculum. Schools are integrating robotics, coding, and artificial intelligence into the classroom, providing students with hands-on experience in these fields. This is part of a broader strategy to prepare students for a knowledge-based economy where technical skills and creative thinking are highly valued. Furthermore, the Ministry of Education is encouraging schools to organize more hackathons and innovation challenges, where students can work in teams to solve real-world problems. This experiential learning approach helps students to develop crucial skills like collaboration, critical thinking, and resilience, which are essential for success in the future workforce.",ministry_of_education; sg_education_system,innovation; problem_solving; stem_education; experiential_learning; skills_development; future_workforce,singapore,
"Singapore's financial sector is making significant strides in cybersecurity, with institutions investing heavily in advanced security measures to protect against increasingly sophisticated cyber threats. The Monetary Authority of Singapore (MAS) has set out stringent security guidelines, including the requirement for all financial institutions to conduct regular vulnerability assessments and penetration testing. This proactive approach ensures that the financial ecosystem is robust and able to withstand a wide range of cyber-attacks, from ransomware to phishing scams. Furthermore, there is a strong emphasis on industry-wide collaboration, with institutions sharing threat intelligence and best practices to stay one step ahead of cybercriminals. This collective effort is crucial for maintaining the trust and confidence that is the cornerstone of Singapore's success as a global financial hub.",financial_sector; monetary_authority_of_singapore; mas; cyber_threats; cyber_attacks; ransomware; phishing_scams; cybercriminals,cybersecurity; security_guidelines; vulnerability_assessment; penetration_testing; industry_collaboration; threat_intelligence,singapore,trust; confidence
"The Singaporean education system is placing a renewed emphasis on values and character development, recognizing that a well-rounded individual needs more than just academic knowledge. The curriculum now includes a strong focus on empathy, resilience, and civic responsibility, taught through a variety of classroom activities and community service projects. The Ministry of Education believes that these core values are essential for building a cohesive and caring society. Schools are also encouraged to provide more opportunities for students to engage in meaningful community service, allowing them to apply their values in a real-world setting. This holistic approach to education aims to produce not just high-achieving individuals, but responsible and compassionate citizens who can contribute meaningfully to the well-being of the nation.",ministry_of_education; singapore_education,values_education; character_development; holistic_education; community_service; civic_responsibility,singapore,empathy; resilience; compassion; care
"The Singaporean banking industry is at the forefront of the global push for sustainable finance, with major banks actively developing and promoting green financial products. This includes green loans for businesses that meet specific environmental targets and green bonds to fund projects in renewable energy and sustainable infrastructure. The Monetary Authority of Singapore (MAS) has been a key driver of this trend, providing grants and regulatory support to encourage financial institutions to integrate environmental, social, and governance (ESG) factors into their core business operations. This strategic pivot is not just about meeting a global trend; it is about cementing Singapore's role as a leading green finance hub in Asia, attracting a new class of investors who are seeking to align their capital with their values.",monetary_authority_of_singapore; mas; green_loans; green_bonds; esg,sustainable_finance; green_finance; regulatory_support; esg_integration; green_finance_hub,singapore; asia,
"The Singaporean education system is increasingly leveraging technology to provide a more personalized learning experience for students. Schools are adopting adaptive learning platforms that use artificial intelligence to tailor content and pacing to each student's needs, providing targeted support where it is most needed. This allows educators to move beyond a one-size-fits-all approach and focus on higher-level activities like critical thinking and project-based learning. The Ministry of Education is also providing teachers with extensive training on how to effectively integrate technology into their lessons, ensuring that it enhances rather than replaces the role of the educator. This forward-looking approach is a key part of Singapore's Smart Nation initiative, aiming to create a more effective and equitable education system.",ministry_of_education; smart_nation; adaptive_learning; artificial_intelligence,education_technology; personalized_learning; teacher_training; education_system,singapore,
"The Monetary Authority of Singapore's (MAS) push for green finance is reshaping the entire financial ecosystem, with a new focus on Environmental, Social, and Governance (ESG) criteria. A key initiative is the launch of the 'MAS Green Bonds' program, aimed at encouraging both public and private sector entities to raise capital for projects that support a low-carbon transition. This has spurred a wave of innovation in financial products, including sustainability-linked loans and climate-focused investment funds. Financial institutions are now required to disclose their climate-related risks and opportunities, which enhances transparency and helps investors make more informed decisions. This concerted effort is positioning Singapore as a global leader in sustainable finance, attracting international capital and expertise while helping to address the pressing challenges of climate change across the region.",monetary_authority_of_singapore; mas; esg; mas_green_bonds,green_finance; sustainable_finance; esg_criteria; low_carbon_transition; climate_risk_disclosure,singapore,concern
"Singapore's university sector is increasingly focused on developing a more flexible and modular approach to higher education, allowing students to customize their degrees to match their career aspirations. This includes the introduction of 'stackable' certificates and micro-credentials that can be combined to form a full degree, giving students more control over their learning journey. Universities are also collaborating with industry partners to co-develop specialized courses and capstone projects that address real-world business challenges. This shift is a response to the rapid pace of change in the job market, where a single degree may not be enough to sustain a career for a lifetime. The goal is to create a system of higher education that is more responsive to the needs of the economy and better prepares graduates for a world of continuous learning and career transitions.",singapore_university,higher_education; flexible_education; modular_learning; customizable_degrees; stackable_certificates; micro_credentials; industry_collaboration; continuous_learning; career_transitions,singapore,
"The Singaporean banking industry is leading the way in adopting advanced analytics to enhance risk management and fraud detection. By leveraging big data and machine learning, banks can now analyze vast amounts of transaction data in real-time, identifying suspicious patterns and preventing fraudulent activities before they occur. This proactive approach not only protects consumers but also strengthens the integrity of the financial system as a whole. The Monetary Authority of Singapore (MAS) has been a strong supporter of this trend, providing a secure data-sharing framework that allows financial institutions to collaborate on combating financial crime. This technological advancement is a key part of Singapore's strategy to maintain its reputation as a safe and reliable financial hub in a globalized world.",monetary_authority_of_singapore; financial_institutions,risk_management; fraud_detection; advanced_analytics; machine_learning; big_data; financial_crime; data_sharing; financial_hub,singapore,protection; safety; reliability
"Singapore's education system is actively promoting a 'learning for life' philosophy, moving beyond formal education to provide citizens with continuous opportunities for skills development. The SkillsFuture initiative is at the heart of this effort, providing all Singaporeans with a credit to offset the cost of courses, encouraging them to take charge of their own learning. This national movement is supported by a network of educational institutions, training providers, and companies that offer a wide range of courses, from technical skills to soft skills like leadership and communication. The government believes that this culture of lifelong learning is essential for building a resilient workforce that can adapt to the rapid changes brought about by automation and digitalization, ensuring that no one is left behind in the future economy.",skillsfuture; education_system; government; future_economy,lifelong_learning; skills_development; upskilling; resilient_workforce; automation; digitalization,singapore,
"The fintech scene in Singapore is seeing a surge of innovation in the areas of cross-border payments and remittances, driven by a need for more efficient and cost-effective solutions. Companies are leveraging blockchain technology and digital currencies to bypass traditional banking intermediaries, making international money transfers faster and more transparent. The Monetary Authority of Singapore (MAS) has been a key enabler of this trend, with Project Ubin exploring the use of distributed ledger technology for clearing and settlement. This forward-looking approach is cementing Singapore's role as a testbed for new financial technologies, attracting startups and established players from around the world who are looking to revolutionize the way money moves across borders.",monetary_authority_of_singapore; mas; project_ubin,fintech_innovation; cross-border_payments; remittances; blockchain_technology; distributed_ledger,singapore,
"Singapore's universities are re-imagining their role as community hubs, offering a wide range of professional development courses and public lectures to engage the wider society. This initiative is designed to make knowledge more accessible and to foster a culture of intellectual curiosity among the general public. Universities are also partnering with community organizations and government agencies to address pressing social and environmental challenges, from sustainable urban planning to solutions for an aging population. This shift reflects a growing recognition that universities have a responsibility to contribute to the well-being and development of the broader community, moving beyond their traditional roles as centers for teaching and research to become catalysts for positive change.",singapore_universities; community_organizations; government_agencies,community_hubs; professional_dev; knowledge_access; social_challenges; aging_population; sustainable_planning,singapore,positive_change; responsibility
"The Singaporean government is taking a strong stance on financial literacy, with new initiatives to equip citizens with the knowledge and skills they need to make sound financial decisions. The MoneySENSE program, a collaboration between government agencies and the financial industry, offers a wide range of educational resources, from workshops on budgeting and saving to online tools for retirement planning. The focus is on providing unbiased and actionable advice that is relevant to the needs of different groups, from young adults to seniors. This proactive approach to financial education is crucial for building a more resilient and empowered society, where all citizens have the confidence and capability to manage their finances effectively and secure their financial future.",singaporean_government; moneysense_program; financial_industry,financial_literacy; financial_education; budgeting; saving; retirement_planning; financial_resilience,singapore,confidence; empowerment; security
"The Singaporean education system is placing a greater emphasis on creativity and innovation through the arts and design curriculum. Schools are now required to integrate arts education into the core curriculum, providing students with opportunities to engage in visual arts, music, and drama. This initiative is designed to foster creative thinking, self-expression, and collaboration. Furthermore, new specialized arts and design schools have been established to provide a more focused pathway for artistically inclined students. The government believes that a strong foundation in the arts is essential for developing a well-rounded individual who can think outside the box and contribute to a more vibrant and innovative society. This holistic approach recognizes that creativity is a key skill for the future economy, and it is nurtured from a young age.",education_system; arts_curriculum; art_schools,arts_education; creativity; innovation; curriculum_change; holistic_approach,singapore,
"The rise of artificial intelligence (AI) in Singapore's financial sector is reshaping the landscape of consumer banking, with AI-powered chatbots and virtual assistants providing 24/7 customer support and personalized financial advice. Banks are leveraging AI to analyze customer data and offer tailored products, from credit cards to personal loans, at the right time. This technology is not only improving customer experience but also enhancing operational efficiency by automating routine tasks and reducing processing times. The Monetary Authority of Singapore (MAS) is actively encouraging the responsible use of AI in finance, providing guidelines and support to ensure that these technologies are deployed in a fair and transparent manner. This embrace of AI is a key part of Singapore's strategy to maintain its competitive edge as a global financial hub.",artificial_intelligence; consumer_banking; monetary_authority_singapore; mas; financial_sector,ai_in_finance; customer_support; operational_efficiency; responsible_ai; financial_hub,singapore,
"The Singaporean education system is making a concerted effort to foster a culture of resilience and mental well-being among students, a crucial aspect of holistic development. New programs and curriculum materials have been introduced to help students understand and manage their emotions, cope with stress, and build strong interpersonal relationships. The Ministry of Education has also increased the number of school counselors and enhanced their training to better support students facing mental health challenges. This proactive and supportive approach recognizes that academic success is inextricably linked to a student's emotional health. The focus is on creating a safe and nurturing school environment where students feel comfortable seeking help and are equipped with the life skills to navigate the complexities of modern life.",ministry_of_education; school_counsellors; students,mental_well-being; student_resilience; holistic_education; mental_health; stress_management,singapore,support; safety
"The Singaporean banking sector is spearheading the development of digital identities for consumers, a move that will simplify financial transactions and enhance security. The Monetary Authority of Singapore (MAS) is working with banks and other financial institutions to create a secure, interoperable digital identity framework that will allow consumers to verify their identity seamlessly across different services. This initiative, known as the National Digital Identity (NDI) project, will reduce the need for physical documentation and provide a more secure and efficient way to conduct financial transactions. This framework is a cornerstone of Singapore's Smart Nation initiative, aiming to build a more convenient and secure digital ecosystem for all citizens and businesses, from banking to e-government services.",mas; national_digital_identity; banking_sector; smart_nation,digital_identity; financial_transactions; security_enhancement; digitalization; e-government_services,singapore,
"Singapore's universities are increasingly focused on developing interdisciplinary programs that combine technology with the humanities and social sciences. New degrees in fields like 'Digital Humanities' and 'Urban Science' are being offered, which require students to integrate knowledge from multiple disciplines to solve complex real-world problems. This approach reflects the understanding that the most significant challenges of the future will require both technical expertise and a deep understanding of human behavior and societal dynamics. This pedagogical shift encourages students to think critically, collaborate effectively, and apply a broad range of skills to create innovative solutions. It represents a bold move to bridge the gap between STEM and the humanities, creating graduates who are not only technically proficient but also socially and culturally aware.",singapore_universities; digital_humanities; urban_science; stem; humanities; social_sciences,interdisciplinary; education_reform; pedagogical_shift; innovation,singapore,ambition
"The Singaporean government is pushing to make finance a more accessible and inclusive sector, with new regulations designed to protect vulnerable consumers and promote financial literacy. The Monetary Authority of Singapore (MAS) has introduced guidelines to ensure that financial products are clearly explained and that consumers are not sold products that are unsuitable for their risk profile. Furthermore, there are now national campaigns and educational resources to help citizens, particularly the youth and the elderly, better understand financial concepts like budgeting, saving, and investing. This focus on financial inclusion is crucial for building a more resilient society where all citizens have the knowledge and tools to manage their finances effectively and secure their financial future.",singaporean_government; monetary_authority_of_singapore; mas,financial_inclusion; financial_literacy; consumer_protection; new_regulations; personal_finance,singapore,resilience; security
"Singapore's primary schools are embracing a more flexible and student-centric approach to learning, with the implementation of the Primary Education Review and Implementation (PERI) recommendations. This framework encourages schools to move away from rote learning and toward more hands-on, activity-based lessons that cater to different learning styles. The curriculum now incorporates more playtime and non-academic activities, recognizing the importance of play in a child's development. This shift aims to create a more enjoyable and less stressful learning environment for young students, fostering a love for learning that will last a lifetime. The focus is on nurturing a child's natural curiosity and creativity, providing a strong foundation for their future academic and personal growth.",primary_education_review_and_implementation; primary_schools,education_reform; student_centric_learning; activity_based_learning; holistic_education; play_based_learning,singapore,enjoyment; stress_reduction; love_for_learning
"The Singaporean banking sector is pioneering the use of blockchain technology to streamline cross-border payments, making international transactions faster, cheaper, and more transparent. Several major banks have collaborated with the Monetary Authority of Singapore (MAS) to explore the use of distributed ledger technology (DLT) for cross-border payments, reducing the need for multiple intermediaries and lengthy processing times. This initiative is a response to the growing demand for more efficient international payment solutions, particularly for businesses and individuals operating in the region. The use of blockchain promises to enhance security and reduce the risk of fraud, while also providing a clear audit trail for all transactions. This technological leap is a key part of Singapore's strategy to become a leading hub for regional financial services.",singaporean_banking; blockchain; cross_border_payments; mas; dlt,blockchain; cross_border_payments; payment_efficiency; financial_hub; technological_leap,singapore,
"The Singaporean education system is placing a strong emphasis on digital literacy and critical thinking skills to help students navigate the complexities of the digital age. New curriculum guidelines have been introduced to teach students how to evaluate the credibility of online information, identify fake news, and practice responsible online behavior. These skills are now considered as important as traditional literacy and numeracy. Schools are using a variety of interactive tools and real-world case studies to make these lessons relevant and engaging. The goal is to equip students with the ability to be discerning and responsible digital citizens who can contribute positively to an increasingly interconnected world. This proactive approach ensures that students are not just passive consumers of information but active and critical thinkers.",singaporean_education_system,digital_literacy; critical_thinking; curriculum_guidelines; digital_citizenship,singapore,
"Singapore's insurance sector is evolving to meet the needs of a rapidly aging population, with a growing number of new products tailored to senior citizens. Insurers are introducing flexible health insurance plans, long-term care policies, and retirement annuities that provide a stable income stream for retirees. The use of technology is helping to make these products more accessible and understandable, with digital platforms that offer clear comparisons and easy application processes. The government is also playing a key role, with schemes like the CareShield Life long-term care insurance providing a basic level of protection for all citizens. This collaborative effort between the public and private sectors is crucial for ensuring that all Singaporeans have the financial security they need to age with dignity and peace of mind.",insurance_sector; senior_citizens; health_insurance; long_term_care; retirement_annuities; careshield_life,aging_population; retirement_planning; financial_security; insurtech; public_private_sector,singapore,dignity; peace_of_mind
"Singapore's universities are actively promoting social entrepreneurship and innovation, encouraging students to develop solutions that address social and environmental challenges. New programs and incubators have been established to support student-led startups with a social mission, providing them with mentorship, funding, and networking opportunities. These initiatives are often interdisciplinary, bringing together students from engineering, business, and social sciences to collaborate on projects ranging from sustainable urban farming to technology for the elderly. This focus on social impact is part of a broader trend in higher education to move beyond purely economic goals and cultivate a generation of leaders who are committed to creating a more equitable and sustainable society. It reflects a growing desire among students to use their skills to make a positive difference in the world.",singapore_universities,social_entrepreneurship; innovation; student_startups; social_impact; higher_education; interdisciplinary,singapore,commitment; desire
"The Monetary Authority of Singapore (MAS) is taking a proactive stance on digital asset regulation, aiming to balance innovation with a need for consumer protection. New guidelines have been issued for digital payment token service providers, clarifying rules on licensing, anti-money laundering controls, and market conduct. This regulatory clarity is attracting more legitimate and well-capitalized players to the Singapore market, solidifying its position as a hub for blockchain and cryptocurrency innovation in a responsible manner. The MAS has also launched Project Ubin, a collaborative effort with the financial industry to explore the use of distributed ledger technology for clearing and settlement of payments and securities. This forward-looking approach ensures that Singapore remains at the forefront of financial technology while mitigating potential risks associated with the nascent digital asset space.",monetary_authority_of_singapore; mas; digital_payment_token; project_ubin,digital_asset_regulation; blockchain_innovation; consumer_protection; distributed_ledger; crypto_hub,singapore,proactive; responsible; risk_mitigation
"The Singaporean education system is increasingly focused on cultivating a culture of innovation and problem-solving through its science and technology curriculum. Schools are integrating robotics, coding, and artificial intelligence into the classroom, providing students with hands-on experience in these fields. This is part of a broader strategy to prepare students for a knowledge-based economy where technical skills and creative thinking are highly valued. Furthermore, the Ministry of Education is encouraging schools to organize more hackathons and innovation challenges, where students can work in teams to solve real-world problems. This experiential learning approach helps students to develop crucial skills like collaboration, critical thinking, and resilience, which are essential for success in the future workforce.",ministry_of_education,innovation; problem_solving; science_technology; robotics; coding; ai; experiential_learn; knowledge_economy; future_workforce; hackathons,singapore,
"Singapore's financial sector is making significant strides in cybersecurity, with institutions investing heavily in advanced security measures to protect against increasingly sophisticated cyber threats. The Monetary Authority of Singapore (MAS) has set out stringent security guidelines, including the requirement for all financial institutions to conduct regular vulnerability assessments and penetration testing. This proactive approach ensures that the financial ecosystem is robust and able to withstand a wide range of cyber-attacks, from ransomware to phishing scams. Furthermore, there is a strong emphasis on industry-wide collaboration, with institutions sharing threat intelligence and best practices to stay one step ahead of cybercriminals. This collective effort is crucial for maintaining the trust and confidence that is the cornerstone of Singapore's success as a global financial hub.",monetary_authority_of_singapore; mas; financial_sector; vulnerability_assessments; penetration_testing; threat_intelligence,cybersecurity; financial_security; mas_guidelines; cyber_threats; industry_collaboration,singapore,trust; confidence
"The Singaporean education system is placing a renewed emphasis on values and character development, recognizing that a well-rounded individual needs more than just academic knowledge. The curriculum now includes a strong focus on empathy, resilience, and civic responsibility, taught through a variety of classroom activities and community service projects. The Ministry of Education believes that these core values are essential for building a cohesive and caring society. Schools are also encouraged to provide more opportunities for students to engage in meaningful community service, allowing them to apply their values in a real-world setting. This holistic approach to education aims to produce not just high-achieving individuals, but responsible and compassionate citizens who can contribute meaningfully to the well-being of the nation.",ministry_of_education; sg_education_system,character_building; values_education; holistic_education; community_service,singapore,empathy; resilience; compassion
"The Singaporean banking industry is at the forefront of the global push for sustainable finance, with major banks actively developing and promoting green financial products. This includes green loans for businesses that meet specific environmental targets and green bonds to fund projects in renewable energy and sustainable infrastructure. The Monetary Authority of Singapore (MAS) has been a key driver of this trend, providing grants and regulatory support to encourage financial institutions to integrate environmental, social, and governance (ESG) factors into their core business operations. This strategic pivot is not just about meeting a global trend; it is about cementing Singapore's role as a leading green finance hub in Asia, attracting a new class of investors who are seeking to align their capital with their values.",mas; esg; singapore_banking,sustainable_finance; green_finance; green_loans; green_bonds; renewable_energy; green_finance_hub; regulatory_support,singapore; asia,
"The Singaporean education system is increasingly leveraging technology to provide a more personalized learning experience for students. Schools are adopting adaptive learning platforms that use artificial intelligence to tailor content and pacing to each student's needs, providing targeted support where it is most needed. This allows educators to move beyond a one-size-fits-all approach and focus on higher-level activities like critical thinking and project-based learning. The Ministry of Education is also providing teachers with extensive training on how to effectively integrate technology into their lessons, ensuring that it enhances rather than replaces the role of the educator. This forward-looking approach is a key part of Singapore's Smart Nation initiative, aiming to create a more effective and equitable education system.",ministry_of_education; smart_nation; artificial_intelligence; adaptive_learning,edtech; personalized_learning; education_reform; teacher_training; critical_thinking,singapore,
"The Monetary Authority of Singapore's (MAS) push for green finance is reshaping the entire financial ecosystem, with a new focus on Environmental, Social, and Governance (ESG) criteria. A key initiative is the launch of the MAS Green Bonds"" program, aimed at encouraging both public and private sector entities to raise capital for projects that support a low-carbon transition. This has spurred a wave of innovation in financial products, including sustainability-linked loans and climate-focused investment funds. Financial institutions are now required to disclose their climate-related risks and opportunities, which enhances transparency and helps investors make more informed decisions. This concerted effort is positioning Singapore as a global leader in sustainable finance, attracting international capital and expertise while helping to address the pressing challenges of climate change across the region.""",monetary_authority; mas; esg; mas_green_bonds,green_finance; sustainable_finance; low_carbon_transition; financial_innovation; climate_risk,singapore,concern
"Singapore's university sector is increasingly focused on developing a more flexible and modular approach to higher education, allowing students to customize their degrees to match their career aspirations. This includes the introduction of stackable"" certificates and micro-credentials that can be combined to form a full degree, giving students more control over their learning journey. Universities are also collaborating with industry partners to co-develop specialized courses and capstone projects that address real-world business challenges. This shift is a response to the rapid pace of change in the job market, where a single degree may not be enough to sustain a career for a lifetime. The goal is to create a system of higher education that is more responsive to the needs of the economy and better prepares graduates for a world of continuous learning and career transitions.""",university_sector; industry_partners,higher_education; flexible_learning; stackable_certificates; micro_credentials; industry_collaboration; continuous_learning; career_transitions,singapore,
"The Singaporean banking industry is leading the way in adopting advanced analytics to enhance risk management and fraud detection. By leveraging big data and machine learning, banks can now analyze vast amounts of transaction data in real-time, identifying suspicious patterns and preventing fraudulent activities before they occur. This proactive approach not only protects consumers but also strengthens the integrity of the financial system as a whole. The Monetary Authority of Singapore (MAS) has been a strong supporter of this trend, providing a secure data-sharing framework that allows financial institutions to collaborate on combating financial crime. This technological advancement is a key part of Singapore's strategy to maintain its reputation as a safe and reliable financial hub in a globalized world.",monetary_authority_of_singapore; singaporean_banking,advanced_analytics; risk_management; fraud_detection; machine_learning; financial_crime; financial_hub,singapore,safety; reliability
"Singapore's education system is actively promoting a 'learning for life' philosophy, moving beyond formal education to provide citizens with continuous opportunities for skills development. The SkillsFuture initiative is at the heart of this effort, providing all Singaporeans with a credit to offset the cost of courses, encouraging them to take charge of their own learning. This national movement is supported by a network of educational institutions, training providers, and companies that offer a wide range of courses, from technical skills to soft skills like leadership and communication. The government believes that this culture of lifelong learning is essential for building a resilient workforce that can adapt to the rapid changes brought about by automation and digitalization, ensuring that no one is left behind in the future economy.",skillsfuture; government; educational_institutions; training_providers,lifelong_learning; skills_development; resilient_workforce; upskilling; future_economy,singapore,concern
"The fintech scene in Singapore is seeing a surge of innovation in the areas of cross-border payments and remittances, driven by a need for more efficient and cost-effective solutions. Companies are leveraging blockchain technology and digital currencies to bypass traditional banking intermediaries, making international money transfers faster and more transparent. The Monetary Authority of Singapore (MAS) has been a key enabler of this trend, with Project Ubin exploring the use of distributed ledger technology for clearing and settlement. This forward-looking approach is cementing Singapore's role as a testbed for new financial technologies, attracting startups and established players from around the world who are looking to revolutionize the way money moves across borders.",monetary_authority_of_singapore; mas; project_ubin,cross_border_payments; remittances; fintech_innovation; blockchain; digital_currencies; financial_technologies,singapore,
"Singapore's universities are re-imagining their role as community hubs, offering a wide range of professional development courses and public lectures to engage the wider society. This initiative is designed to make knowledge more accessible and to foster a culture of intellectual curiosity among the general public. Universities are also partnering with community organizations and government agencies to address pressing social and environmental challenges, from sustainable urban planning to solutions for an aging population. This shift reflects a growing recognition that universities have a responsibility to contribute to the well-being and development of the broader community, moving beyond their traditional roles as centers for teaching and research to become catalysts for positive change.",singapore_universities; community_organizations; government_agencies,community_hubs; university_role_shift; professional_development; knowledge_accessibility; aging_population; sustainable_planning; community_wellbeing,singapore,responsibility; positive_change
"The Singaporean government is taking a strong stance on financial literacy, with new initiatives to equip citizens with the knowledge and skills they need to make sound financial decisions. The MoneySENSE program, a collaboration between government agencies and the financial industry, offers a wide range of educational resources, from workshops on budgeting and saving to online tools for retirement planning. The focus is on providing unbiased and actionable advice that is relevant to the needs of different groups, from young adults to seniors. This proactive approach to financial education is crucial for building a more resilient and empowered society, where all citizens have the confidence and capability to manage their finances effectively and secure their financial future.",singaporean_government; moneysense_program,financial_literacy; financial_education; financial_decisions; financial_management,singapore,empowerment; confidence
"The Singaporean education system is placing a greater emphasis on creativity and innovation through the arts and design curriculum. Schools are now required to integrate arts education into the core curriculum, providing students with opportunities to engage in visual arts, music, and drama. This initiative is designed to foster creative thinking, self-expression, and collaboration. Furthermore, new specialized arts and design schools have been established to provide a more focused pathway for artistically inclined students. The government believes that a strong foundation in the arts is essential for developing a well-rounded individual who can think outside the box and contribute to a more vibrant and innovative society. This holistic approach recognizes that creativity is a key skill for the future economy, and it is nurtured from a young age.",singaporean_education_system; arts_and_design_curriculum; specialized_arts_schools; government,arts_education; curriculum_change; creative_thinking; innovation; holistic_education; future_economy,singapore,
"The rise of artificial intelligence (AI) in Singapore's financial sector is reshaping the landscape of consumer banking, with AI-powered chatbots and virtual assistants providing 24/7 customer support and personalized financial advice. Banks are leveraging AI to analyze customer data and offer tailored products, from credit cards to personal loans, at the right time. This technology is not only improving customer experience but also enhancing operational efficiency by automating routine tasks and reducing processing times. The Monetary Authority of Singapore (MAS) is actively encouraging the responsible use of AI in finance, providing guidelines and support to ensure that these technologies are deployed in a fair and transparent manner. This embrace of AI is a key part of Singapore's strategy to maintain its competitive edge as a global financial hub.",artificial_intelligence; consumer_banking; ai_chatbots; virtual_assistants; mas,ai_in_finance; bank_transformation; customer_experience; operational_efficiency; responsible_ai,singapore,
"The Singaporean education system is making a concerted effort to foster a culture of resilience and mental well-being among students, a crucial aspect of holistic development. New programs and curriculum materials have been introduced to help students understand and manage their emotions, cope with stress, and build strong interpersonal relationships. The Ministry of Education has also increased the number of school counselors and enhanced their training to better support students facing mental health challenges. This proactive and supportive approach recognizes that academic success is inextricably linked to a student's emotional health. The focus is on creating a safe and nurturing school environment where students feel comfortable seeking help and are equipped with the life skills to navigate the complexities of modern life.",singaporean_education_system; ministry_of_education,mental_well_being; student_resilience; holistic_development; school_counselors; curriculum_changes,singapore,supportive; nurturing
"The Singaporean banking sector is spearheading the development of digital identities for consumers, a move that will simplify financial transactions and enhance security. The Monetary Authority of Singapore (MAS) is working with banks and other financial institutions to create a secure, interoperable digital identity framework that will allow consumers to verify their identity seamlessly across different services. This initiative, known as the National Digital Identity (NDI) project, will reduce the need for physical documentation and provide a more secure and efficient way to conduct financial transactions. This framework is a cornerstone of Singapore's Smart Nation initiative, aiming to build a more convenient and secure digital ecosystem for all citizens and businesses, from banking to e-government services.",mas; ndi_project; smart_nation,digital_identity; financial_transactions; security; banking_sector,singapore,
"Singapore's universities are increasingly focused on developing interdisciplinary programs that combine technology with the humanities and social sciences. New degrees in fields like 'Digital Humanities' and 'Urban Science' are being offered, which require students to integrate knowledge from multiple disciplines to solve complex real-world problems. This approach reflects the understanding that the most significant challenges of the future will require both technical expertise and a deep understanding of human behavior and societal dynamics. This pedagogical shift encourages students to think critically, collaborate effectively, and apply a broad range of skills to create innovative solutions. It represents a bold move to bridge the gap between STEM and the humanities, creating graduates who are not only technically proficient but also socially and culturally aware.",singapore_universities; digital_humanities; urban_science; stem; humanities,interdisciplinary_programs; pedagogical_shift; education_reform; tech_humanities_blend,singapore,
"The Singaporean government is pushing to make finance a more accessible and inclusive sector, with new regulations designed to protect vulnerable consumers and promote financial literacy. The Monetary Authority of Singapore (MAS) has introduced guidelines to ensure that financial products are clearly explained and that consumers are not sold products that are unsuitable for their risk profile. Furthermore, there are now national campaigns and educational resources to help citizens, particularly the youth and the elderly, better understand financial concepts like budgeting, saving, and investing. This focus on financial inclusion is crucial for building a more resilient society where all citizens have the knowledge and tools to manage their finances effectively and secure their financial future.",singapore_government; monetary_authority_of_singapore; mas,financial_inclusion; consumer_protection; financial_literacy; financial_regulation,singapore,resilience; security
"Singapore's primary schools are embracing a more flexible and student-centric approach to learning, with the implementation of the Primary Education Review and Implementation (PERI) recommendations. This framework encourages schools to move away from rote learning and toward more hands-on, activity-based lessons that cater to different learning styles. The curriculum now incorporates more playtime and non-academic activities, recognizing the importance of play in a child's development. This shift aims to create a more enjoyable and less stressful learning environment for young students, fostering a love for learning that will last a lifetime. The focus is on nurturing a child's natural curiosity and creativity, providing a strong foundation for their future academic and personal growth.",peri_recommendations; primary_schools,education_reform; student_centric_learning; play-based_learning; holistic_education; curriculum_change,singapore,enjoyment; less_stress
"The Singaporean banking sector is pioneering the use of blockchain technology to streamline cross-border payments, making international transactions faster, cheaper, and more transparent. Several major banks have collaborated with the Monetary Authority of Singapore (MAS) to explore the use of distributed ledger technology (DLT) for cross-border payments, reducing the need for multiple intermediaries and lengthy processing times. This initiative is a response to the growing demand for more efficient international payment solutions, particularly for businesses and individuals operating in the region. The use of blockchain promises to enhance security and reduce the risk of fraud, while also providing a clear audit trail for all transactions. This technological leap is a key part of Singapore's strategy to become a leading hub for regional financial services.",monetary_authority_of_singapore; mas; distributed_ledger_technology,blockchain_tech; cross_border_pay; financial_innovation; payment_solutions,singapore,
"The Singaporean education system is placing a strong emphasis on digital literacy and critical thinking skills to help students navigate the complexities of the digital age. New curriculum guidelines have been introduced to teach students how to evaluate the credibility of online information, identify fake news, and practice responsible online behavior. These skills are now considered as important as traditional literacy and numeracy. Schools are using a variety of interactive tools and real-world case studies to make these lessons relevant and engaging. The goal is to equip students with the ability to be discerning and responsible digital citizens who can contribute positively to an increasingly interconnected world. This proactive approach ensures that students are not just passive consumers of information but active and critical thinkers.",singaporean_education_system,digital_literacy; critical_thinking; fake_news; curriculum_guidelines; digital_citizenship,singapore,
"Singapore's insurance sector is evolving to meet the needs of a rapidly aging population, with a growing number of new products tailored to senior citizens. Insurers are introducing flexible health insurance plans, long-term care policies, and retirement annuities that provide a stable income stream for retirees. The use of technology is helping to make these products more accessible and understandable, with digital platforms that offer clear comparisons and easy application processes. The government is also playing a key role, with schemes like the CareShield Life long-term care insurance providing a basic level of protection for all citizens. This collaborative effort between the public and private sectors is crucial for ensuring that all Singaporeans have the financial security they need to age with dignity and peace of mind.",insurance_sector; senior_citizens; careshield_life; digital_platforms,aging_population; long_term_care; retirement_annuities; health_insurance; financial_security; public_private_sector,singapore,peace_of_mind; dignity; security
"Singapore's universities are actively promoting social entrepreneurship and innovation, encouraging students to develop solutions that address social and environmental challenges. New programs and incubators have been established to support student-led startups with a social mission, providing them with mentorship, funding, and networking opportunities. These initiatives are often interdisciplinary, bringing together students from engineering, business, and social sciences to collaborate on projects ranging from sustainable urban farming to technology for the elderly. This focus on social impact is part of a broader trend in higher education to move beyond purely economic goals and cultivate a generation of leaders who are committed to creating a more equitable and sustainable society. It reflects a growing desire among students to use their skills to make a positive difference in the world.",singapore_universities,social_entrepreneurship; social_innovation; student_startups; higher_education; social_impact,singapore,commitment; desire
"The Monetary Authority of Singapore (MAS) is taking a proactive stance on digital asset regulation, aiming to balance innovation with a need for consumer protection. New guidelines have been issued for digital payment token service providers, clarifying rules on licensing, anti-money laundering controls, and market conduct. This regulatory clarity is attracting more legitimate and well-capitalized players to the Singapore market, solidifying its position as a hub for blockchain and cryptocurrency innovation in a responsible manner. The MAS has also launched Project Ubin, a collaborative effort with the financial industry to explore the use of distributed ledger technology for clearing and settlement of payments and securities. This forward-looking approach ensures that Singapore remains at the forefront of financial technology while mitigating potential risks associated with the nascent digital asset space.",mas; project_ubin,digital_asset_regulation; consumer_protection; regulatory_clarity; blockchain; cryptocurrency; innovation; financial_technology; anti-money_laundering,singapore,caution; confidence
"The Singaporean education system is increasingly focused on cultivating a culture of innovation and problem-solving through its science and technology curriculum. Schools are integrating robotics, coding, and artificial intelligence into the classroom, providing students with hands-on experience in these fields. This is part of a broader strategy to prepare students for a knowledge-based economy where technical skills and creative thinking are highly valued. Furthermore, the Ministry of Education is encouraging schools to organize more hackathons and innovation challenges, where students can work in teams to solve real-world problems. This experiential learning approach helps students to develop crucial skills like collaboration, critical thinking, and resilience, which are essential for success in the future workforce.",ministry_of_education,education_system; innovation; science_and_tech; experiential_learning; future_workforce,singapore,
"Singapore's financial sector is making significant strides in cybersecurity, with institutions investing heavily in advanced security measures to protect against increasingly sophisticated cyber threats. The Monetary Authority of Singapore (MAS) has set out stringent security guidelines, including the requirement for all financial institutions to conduct regular vulnerability assessments and penetration testing. This proactive approach ensures that the financial ecosystem is robust and able to withstand a wide range of cyber-attacks, from ransomware to phishing scams. Furthermore, there is a strong emphasis on industry-wide collaboration, with institutions sharing threat intelligence and best practices to stay one step ahead of cybercriminals. This collective effort is crucial for maintaining the trust and confidence that is the cornerstone of Singapore's success as a global financial hub.",monetary_authority_of_singapore; financial_sector; cyber_threats; financial_institutions,cybersecurity; security_guidelines; industry_collaboration; financial_protection; threat_intelligence,singapore,trust; confidence
"The Singaporean education system is placing a renewed emphasis on values and character development, recognizing that a well-rounded individual needs more than just academic knowledge. The curriculum now includes a strong focus on empathy, resilience, and civic responsibility, taught through a variety of classroom activities and community service projects. The Ministry of Education believes that these core values are essential for building a cohesive and caring society. Schools are also encouraged to provide more opportunities for students to engage in meaningful community service, allowing them to apply their values in a real-world setting. This holistic approach to education aims to produce not just high-achieving individuals, but responsible and compassionate citizens who can contribute meaningfully to the well-being of the nation.",singaporean_education_system; ministry_of_education,education_reform; character_development; values_education; holistic_education; community_service; civic_responsibility,singapore,empathy; resilience; compassion; care
"The Singaporean banking industry is at the forefront of the global push for sustainable finance, with major banks actively developing and promoting green financial products. This includes green loans for businesses that meet specific environmental targets and green bonds to fund projects in renewable energy and sustainable infrastructure. The Monetary Authority of Singapore (MAS) has been a key driver of this trend, providing grants and regulatory support to encourage financial institutions to integrate environmental, social, and governance (ESG) factors into their core business operations. This strategic pivot is not just about meeting a global trend; it is about cementing Singapore's role as a leading green finance hub in Asia, attracting a new class of investors who are seeking to align their capital with their values.",monetary_authority_of_singapore; mas; esg,sustainable_finance; green_finance; green_loans; green_bonds; esg_integration; green_finance_hub,singapore; asia,
"The Singaporean education system is increasingly leveraging technology to provide a more personalized learning experience for students. Schools are adopting adaptive learning platforms that use artificial intelligence to tailor content and pacing to each student's needs, providing targeted support where it is most needed. This allows educators to move beyond a one-size-fits-all approach and focus on higher-level activities like critical thinking and project-based learning. The Ministry of Education is also providing teachers with extensive training on how to effectively integrate technology into their lessons, ensuring that it enhances rather than replaces the role of the educator. This forward-looking approach is a key part of Singapore's Smart Nation initiative, aiming to create a more effective and equitable education system.",ministry_of_education; smart_nation_initiative,education_technology; personalized_learning; adaptive_learning; artificial_intelligence; teacher_training,singapore,
"The Monetary Authority of Singapore's (MAS) push for green finance is reshaping the entire financial ecosystem, with a new focus on Environmental, Social, and Governance (ESG) criteria. A key initiative is the launch of the MAS Green Bonds"" program, aimed at encouraging both public and private sector entities to raise capital for projects that support a low-carbon transition. This has spurred a wave of innovation in financial products, including sustainability-linked loans and climate-focused investment funds. Financial institutions are now required to disclose their climate-related risks and opportunities, which enhances transparency and helps investors make more informed decisions. This concerted effort is positioning Singapore as a global leader in sustainable finance, attracting international capital and expertise while helping to address the pressing challenges of climate change across the region.""",monetary_authority_of_singapore; mas; mas_green_bonds; esg,green_finance; sustainable_finance; esg_criteria; green_bonds; low_carbon_transition; financial_innovation; climate_risk,singapore,concern
"Singapore's university sector is increasingly focused on developing a more flexible and modular approach to higher education, allowing students to customize their degrees to match their career aspirations. This includes the introduction of stackable"" certificates and micro-credentials that can be combined to form a full degree, giving students more control over their learning journey. Universities are also collaborating with industry partners to co-develop specialized courses and capstone projects that address real-world business challenges. This shift is a response to the rapid pace of change in the job market, where a single degree may not be enough to sustain a career for a lifetime. The goal is to create a system of higher education that is more responsive to the needs of the economy and better prepares graduates for a world of continuous learning and career transitions.""",university_sector,higher_education; flexible_learning; modular_education; lifelong_learning; industry_collaboration,singapore,
"The Singaporean banking industry is leading the way in adopting advanced analytics to enhance risk management and fraud detection. By leveraging big data and machine learning, banks can now analyze vast amounts of transaction data in real-time, identifying suspicious patterns and preventing fraudulent activities before they occur. This proactive approach not only protects consumers but also strengthens the integrity of the financial system as a whole. The Monetary Authority of Singapore (MAS) has been a strong supporter of this trend, providing a secure data-sharing framework that allows financial institutions to collaborate on combating financial crime. This technological advancement is a key part of Singapore's strategy to maintain its reputation as a safe and reliable financial hub in a globalized world.",monetary_authority_singapore; singaporean_banking,advanced_analytics; risk_management; fraud_detection; machine_learning; financial_crime; financial_hub,singapore,security; trust
"Singapore's education system is actively promoting a 'learning for life' philosophy, moving beyond formal education to provide citizens with continuous opportunities for skills development. The SkillsFuture initiative is at the heart of this effort, providing all Singaporeans with a credit to offset the cost of courses, encouraging them to take charge of their own learning. This national movement is supported by a network of educational institutions, training providers, and companies that offer a wide range of courses, from technical skills to soft skills like leadership and communication. The government believes that this culture of lifelong learning is essential for building a resilient workforce that can adapt to the rapid changes brought about by automation and digitalization, ensuring that no one is left behind in the future economy.",skillsfuture; government; singaporeans,lifelong_learning; skills_development; resilient_workforce; future_economy,singapore,
"The fintech scene in Singapore is seeing a surge of innovation in the areas of cross-border payments and remittances, driven by a need for more efficient and cost-effective solutions. Companies are leveraging blockchain technology and digital currencies to bypass traditional banking intermediaries, making international money transfers faster and more transparent. The Monetary Authority of Singapore (MAS) has been a key enabler of this trend, with Project Ubin exploring the use of distributed ledger technology for clearing and settlement. This forward-looking approach is cementing Singapore's role as a testbed for new financial technologies, attracting startups and established players from around the world who are looking to revolutionize the way money moves across borders.",mas; project_ubin,fintech_innovation; cross_border_payments; blockchain; digital_currencies; remittances; financial_technology,singapore,
"Singapore's universities are re-imagining their role as community hubs, offering a wide range of professional development courses and public lectures to engage the wider society. This initiative is designed to make knowledge more accessible and to foster a culture of intellectual curiosity among the general public. Universities are also partnering with community organizations and government agencies to address pressing social and environmental challenges, from sustainable urban planning to solutions for an aging population. This shift reflects a growing recognition that universities have a responsibility to contribute to the well-being and development of the broader community, moving beyond their traditional roles as centers for teaching and research to become catalysts for positive change.",singapore_universities; community_organizations; government_agencies; sustainable_urban_planning; aging_population,community_hubs; professional_development; knowledge_accessibility; social_challenges; university_role_shift; positive_change,singapore,intellectual_curiosity
"The Singaporean government is taking a strong stance on financial literacy, with new initiatives to equip citizens with the knowledge and skills they need to make sound financial decisions. The MoneySENSE program, a collaboration between government agencies and the financial industry, offers a wide range of educational resources, from workshops on budgeting and saving to online tools for retirement planning. The focus is on providing unbiased and actionable advice that is relevant to the needs of different groups, from young adults to seniors. This proactive approach to financial education is crucial for building a more resilient and empowered society, where all citizens have the confidence and capability to manage their finances effectively and secure their financial future.",singapore_government; moneysense_program,financial_literacy; financial_education; budgeting_saving; retirement_planning,singapore,empowerment; confidence; resilience
"The Singaporean education system is placing a greater emphasis on creativity and innovation through the arts and design curriculum. Schools are now required to integrate arts education into the core curriculum, providing students with opportunities to engage in visual arts, music, and drama. This initiative is designed to foster creative thinking, self-expression, and collaboration. Furthermore, new specialized arts and design schools have been established to provide a more focused pathway for artistically inclined students. The government believes that a strong foundation in the arts is essential for developing a well-rounded individual who can think outside the box and contribute to a more vibrant and innovative society. This holistic approach recognizes that creativity is a key skill for the future economy, and it is nurtured from a young age.",education_system; arts_curriculum; specialized_schools; government,arts_education; creativity; innovation; holistic_approach; future_economy,singapore,
"The rise of artificial intelligence (AI) in Singapore's financial sector is reshaping the landscape of consumer banking, with AI-powered chatbots and virtual assistants providing 24/7 customer support and personalized financial advice. Banks are leveraging AI to analyze customer data and offer tailored products, from credit cards to personal loans, at the right time. This technology is not only improving customer experience but also enhancing operational efficiency by automating routine tasks and reducing processing times. The Monetary Authority of Singapore (MAS) is actively encouraging the responsible use of AI in finance, providing guidelines and support to ensure that these technologies are deployed in a fair and transparent manner. This embrace of AI is a key part of Singapore's strategy to maintain its competitive edge as a global financial hub.",artificial_intelligence; ai; financial_sector; consumer_banking; monetary_authority_of_singapore; mas,ai_in_finance; customer_experience; operational_efficiency; responsible_ai; competitive_edge,singapore,
"The Singaporean education system is making a concerted effort to foster a culture of resilience and mental well-being among students, a crucial aspect of holistic development. New programs and curriculum materials have been introduced to help students understand and manage their emotions, cope with stress, and build strong interpersonal relationships. The Ministry of Education has also increased the number of school counselors and enhanced their training to better support students facing mental health challenges. This proactive and supportive approach recognizes that academic success is inextricably linked to a student's emotional health. The focus is on creating a safe and nurturing school environment where students feel comfortable seeking help and are equipped with the life skills to navigate the complexities of modern life.",singaporean_education_system; ministry_of_education; students; school_counselors,mental_well-being; resilience; holistic_development; education_system; life_skills; student_support,singapore,stress
"The Singaporean banking sector is spearheading the development of digital identities for consumers, a move that will simplify financial transactions and enhance security. The Monetary Authority of Singapore (MAS) is working with banks and other financial institutions to create a secure, interoperable digital identity framework that will allow consumers to verify their identity seamlessly across different services. This initiative, known as the National Digital Identity (NDI) project, will reduce the need for physical documentation and provide a more secure and efficient way to conduct financial transactions. This framework is a cornerstone of Singapore's Smart Nation initiative, aiming to build a more convenient and secure digital ecosystem for all citizens and businesses, from banking to e-government services.",monetary_authority_of_singapore; mas; national_digital_identity; ndi; smart_nation_initiative,digital_identity; banking_sector; financial_transactions; security; digital_ecosystem; egovernment_services,singapore,
"Singapore's universities are increasingly focused on developing interdisciplinary programs that combine technology with the humanities and social sciences. New degrees in fields like 'Digital Humanities' and 'Urban Science' are being offered, which require students to integrate knowledge from multiple disciplines to solve complex real-world problems. This approach reflects the understanding that the most significant challenges of the future will require both technical expertise and a deep understanding of human behavior and societal dynamics. This pedagogical shift encourages students to think critically, collaborate effectively, and apply a broad range of skills to create innovative solutions. It represents a bold move to bridge the gap between STEM and the humanities, creating graduates who are not only technically proficient but also socially and culturally aware.",singapore_universities; digital_humanities; urban_science; stem; humanities; social_sciences,interdisciplinary_programs; pedagogical_shift; higher_education; curriculum_development; stem_humanities_bridge,singapore,
"The Singaporean government is pushing to make finance a more accessible and inclusive sector, with new regulations designed to protect vulnerable consumers and promote financial literacy. The Monetary Authority of Singapore (MAS) has introduced guidelines to ensure that financial products are clearly explained and that consumers are not sold products that are unsuitable for their risk profile. Furthermore, there are now national campaigns and educational resources to help citizens, particularly the youth and the elderly, better understand financial concepts like budgeting, saving, and investing. This focus on financial inclusion is crucial for building a more resilient society where all citizens have the knowledge and tools to manage their finances effectively and secure their financial future.",singaporean_government; monetary_authority,financial_inclusion; financial_literacy; consumer_protection; new_regulations; budgeting; saving; investing,singapore,
"Singapore's primary schools are embracing a more flexible and student-centric approach to learning, with the implementation of the Primary Education Review and Implementation (PERI) recommendations. This framework encourages schools to move away from rote learning and toward more hands-on, activity-based lessons that cater to different learning styles. The curriculum now incorporates more playtime and non-academic activities, recognizing the importance of play in a child's development. This shift aims to create a more enjoyable and less stressful learning environment for young students, fostering a love for learning that will last a lifetime. The focus is on nurturing a child's natural curiosity and creativity, providing a strong foundation for their future academic and personal growth.",primary_education_review_and_implementation; peri,education_reform; primary_education; student-centric_learning; play-based_learning; child_development,singapore,enjoyment; stress_reduction; love_for_learning
"The Singaporean banking sector is pioneering the use of blockchain technology to streamline cross-border payments, making international transactions faster, cheaper, and more transparent. Several major banks have collaborated with the Monetary Authority of Singapore (MAS) to explore the use of distributed ledger technology (DLT) for cross-border payments, reducing the need for multiple intermediaries and lengthy processing times. This initiative is a response to the growing demand for more efficient international payment solutions, particularly for businesses and individuals operating in the region. The use of blockchain promises to enhance security and reduce the risk of fraud, while also providing a clear audit trail for all transactions. This technological leap is a key part of Singapore's strategy to become a leading hub for regional financial services.",monetary_authority_of_singapore,blockchain_technology; cross_border_payment; financial_services; distributed_ledger,singapore,
"The Singaporean education system is placing a strong emphasis on digital literacy and critical thinking skills to help students navigate the complexities of the digital age. New curriculum guidelines have been introduced to teach students how to evaluate the credibility of online information, identify fake news, and practice responsible online behavior. These skills are now considered as important as traditional literacy and numeracy. Schools are using a variety of interactive tools and real-world case studies to make these lessons relevant and engaging. The goal is to equip students with the ability to be discerning and responsible digital citizens who can contribute positively to an increasingly interconnected world. This proactive approach ensures that students are not just passive consumers of information but active and critical thinkers.",singaporean_education_system; digital_literacy; critical_thinking; curriculum_guidelines; fake_news; digital_citizens,education_reform; digital_literacy; critical_thinking; media_literacy; curriculum_update,singapore,
"Singapore's insurance sector is evolving to meet the needs of a rapidly aging population, with a growing number of new products tailored to senior citizens. Insurers are introducing flexible health insurance plans, long-term care policies, and retirement annuities that provide a stable income stream for retirees. The use of technology is helping to make these products more accessible and understandable, with digital platforms that offer clear comparisons and easy application processes. The government is also playing a key role, with schemes like the CareShield Life long-term care insurance providing a basic level of protection for all citizens. This collaborative effort between the public and private sectors is crucial for ensuring that all Singaporeans have the financial security they need to age with dignity and peace of mind.",careshield_life; public_sector; private_sector; government,insurance; aging_population; senior_citizens; financial_security; long-term_care; retirement_annuities; health_insurance,singapore,peace_of_mind; dignity; security
"Singapore's universities are actively promoting social entrepreneurship and innovation, encouraging students to develop solutions that address social and environmental challenges. New programs and incubators have been established to support student-led startups with a social mission, providing them with mentorship, funding, and networking opportunities. These initiatives are often interdisciplinary, bringing together students from engineering, business, and social sciences to collaborate on projects ranging from sustainable urban farming to technology for the elderly. This focus on social impact is part of a broader trend in higher education to move beyond purely economic goals and cultivate a generation of leaders who are committed to creating a more equitable and sustainable society. It reflects a growing desire among students to use their skills to make a positive difference in the world.",sg_universities; social_entrepreneurship; student_startups; sustainable_farming; elderly_technology; higher_education,social_innovation; social_impact; student_development; interdisciplinary,singapore,desire; commitment; positive_difference
"The Monetary Authority of Singapore (MAS) is taking a proactive stance on digital asset regulation, aiming to balance innovation with a need for consumer protection. New guidelines have been issued for digital payment token service providers, clarifying rules on licensing, anti-money laundering controls, and market conduct. This regulatory clarity is attracting more legitimate and well-capitalized players to the Singapore market, solidifying its position as a hub for blockchain and cryptocurrency innovation in a responsible manner. The MAS has also launched Project Ubin, a collaborative effort with the financial industry to explore the use of distributed ledger technology for clearing and settlement of payments and securities. This forward-looking approach ensures that Singapore remains at the forefront of financial technology while mitigating potential risks associated with the nascent digital asset space.",monetary_authority_of_singapore; mas; project_ubin; digital_payment_token_providers,digital_asset_regulation; consumer_protection; blockchain; cryptocurrency; financial_technology; distributed_ledger_tech; anti_money_laundering,singapore,prudence; confidence
"The Singaporean education system is increasingly focused on cultivating a culture of innovation and problem-solving through its science and technology curriculum. Schools are integrating robotics, coding, and artificial intelligence into the classroom, providing students with hands-on experience in these fields. This is part of a broader strategy to prepare students for a knowledge-based economy where technical skills and creative thinking are highly valued. Furthermore, the Ministry of Education is encouraging schools to organize more hackathons and innovation challenges, where students can work in teams to solve real-world problems. This experiential learning approach helps students to develop crucial skills like collaboration, critical thinking, and resilience, which are essential for success in the future workforce.",ministry_of_education; robotics; coding; artificial_intelligence,education_system; innovation; problem_solving; experiential_learning; tech_education; future_workforce,singapore,
"Singapore's financial sector is making significant strides in cybersecurity, with institutions investing heavily in advanced security measures to protect against increasingly sophisticated cyber threats. The Monetary Authority of Singapore (MAS) has set out stringent security guidelines, including the requirement for all financial institutions to conduct regular vulnerability assessments and penetration testing. This proactive approach ensures that the financial ecosystem is robust and able to withstand a wide range of cyber-attacks, from ransomware to phishing scams. Furthermore, there is a strong emphasis on industry-wide collaboration, with institutions sharing threat intelligence and best practices to stay one step ahead of cybercriminals. This collective effort is crucial for maintaining the trust and confidence that is the cornerstone of Singapore's success as a global financial hub.",monetary_authority_of_singapore; mas; financial_sector; cyber_threats,cybersecurity; security_measures; mas_guidelines; cyber_attacks; industry_collaboration; threat_intelligence,singapore,trust; confidence
"The Singaporean education system is placing a renewed emphasis on values and character development, recognizing that a well-rounded individual needs more than just academic knowledge. The curriculum now includes a strong focus on empathy, resilience, and civic responsibility, taught through a variety of classroom activities and community service projects. The Ministry of Education believes that these core values are essential for building a cohesive and caring society. Schools are also encouraged to provide more opportunities for students to engage in meaningful community service, allowing them to apply their values in a real-world setting. This holistic approach to education aims to produce not just high-achieving individuals, but responsible and compassionate citizens who can contribute meaningfully to the well-being of the nation.",ministry_of_education; singaporean_education_system,values_education; character_development; holistic_education; community_service,singapore,caring; compassion
"The Singaporean banking industry is at the forefront of the global push for sustainable finance, with major banks actively developing and promoting green financial products. This includes green loans for businesses that meet specific environmental targets and green bonds to fund projects in renewable energy and sustainable infrastructure. The Monetary Authority of Singapore (MAS) has been a key driver of this trend, providing grants and regulatory support to encourage financial institutions to integrate environmental, social, and governance (ESG) factors into their core business operations. This strategic pivot is not just about meeting a global trend; it is about cementing Singapore's role as a leading green finance hub in Asia, attracting a new class of investors who are seeking to align their capital with their values.",monetary_authority_of_singapore; esg,sustainable_finance; green_finance; green_loans; green_bonds; esg_integration; green_finance_hub,singapore; asia,
"The Singaporean education system is increasingly leveraging technology to provide a more personalized learning experience for students. Schools are adopting adaptive learning platforms that use artificial intelligence to tailor content and pacing to each student's needs, providing targeted support where it is most needed. This allows educators to move beyond a one-size-fits-all approach and focus on higher-level activities like critical thinking and project-based learning. The Ministry of Education is also providing teachers with extensive training on how to effectively integrate technology into their lessons, ensuring that it enhances rather than replaces the role of the educator. This forward-looking approach is a key part of Singapore's Smart Nation initiative, aiming to create a more effective and equitable education system.",ministry_of_education; smart_nation,education_technology; personalized_learning; adaptive_learning; artificial_intelligence; tech_integration,singapore,
"The Monetary Authority of Singapore's (MAS) push for green finance is reshaping the entire financial ecosystem, with a new focus on Environmental, Social, and Governance (ESG) criteria. A key initiative is the launch of the MAS Green Bonds"" program, aimed at encouraging both public and private sector entities to raise capital for projects that support a low-carbon transition. This has spurred a wave of innovation in financial products, including sustainability-linked loans and climate-focused investment funds. Financial institutions are now required to disclose their climate-related risks and opportunities, which enhances transparency and helps investors make more informed decisions. This concerted effort is positioning Singapore as a global leader in sustainable finance, attracting international capital and expertise while helping to address the pressing challenges of climate change across the region.""",mas; esg; mas_green_bonds,green_finance; sustainable_finance; esg_criteria; low_carbon_transition; financial_innovation; climate_disclosure,singapore,concern
"Singapore's university sector is increasingly focused on developing a more flexible and modular approach to higher education, allowing students to customize their degrees to match their career aspirations. This includes the introduction of stackable"" certificates and micro-credentials that can be combined to form a full degree, giving students more control over their learning journey. Universities are also collaborating with industry partners to co-develop specialized courses and capstone projects that address real-world business challenges. This shift is a response to the rapid pace of change in the job market, where a single degree may not be enough to sustain a career for a lifetime. The goal is to create a system of higher education that is more responsive to the needs of the economy and better prepares graduates for a world of continuous learning and career transitions.""",university_sector,higher_education; flexible_learning; stackable_certificates; micro_credentials; industry_collaboration; continuous_learning; career_development,singapore,
"The Singaporean banking industry is leading the way in adopting advanced analytics to enhance risk management and fraud detection. By leveraging big data and machine learning, banks can now analyze vast amounts of transaction data in real-time, identifying suspicious patterns and preventing fraudulent activities before they occur. This proactive approach not only protects consumers but also strengthens the integrity of the financial system as a whole. The Monetary Authority of Singapore (MAS) has been a strong supporter of this trend, providing a secure data-sharing framework that allows financial institutions to collaborate on combating financial crime. This technological advancement is a key part of Singapore's strategy to maintain its reputation as a safe and reliable financial hub in a globalized world.",monetary_authority_of_singapore; singaporean_banking_industry; financial_institutions,advanced_analytics; risk_management; fraud_detection; big_data; machine_learning; financial_crime,singapore,safety; reliability
"Singapore's education system is actively promoting a 'learning for life' philosophy, moving beyond formal education to provide citizens with continuous opportunities for skills development. The SkillsFuture initiative is at the heart of this effort, providing all Singaporeans with a credit to offset the cost of courses, encouraging them to take charge of their own learning. This national movement is supported by a network of educational institutions, training providers, and companies that offer a wide range of courses, from technical skills to soft skills like leadership and communication. The government believes that this culture of lifelong learning is essential for building a resilient workforce that can adapt to the rapid changes brought about by automation and digitalization, ensuring that no one is left behind in the future economy.",skillsfuture_initiative; singapore_education; singaporeans; government,lifelong_learning; skills_development; resilient_workforce; future_economy; automation; digitalization,singapore,
"The fintech scene in Singapore is seeing a surge of innovation in the areas of cross-border payments and remittances, driven by a need for more efficient and cost-effective solutions. Companies are leveraging blockchain technology and digital currencies to bypass traditional banking intermediaries, making international money transfers faster and more transparent. The Monetary Authority of Singapore (MAS) has been a key enabler of this trend, with Project Ubin exploring the use of distributed ledger technology for clearing and settlement. This forward-looking approach is cementing Singapore's role as a testbed for new financial technologies, attracting startups and established players from around the world who are looking to revolutionize the way money moves across borders.",monetary_authority_of_singapore; mas; project_ubin,fintech; cross-border_payments; remittances; blockchain_technology; financial_innovation; digital_currencies,singapore,
"Singapore's universities are re-imagining their role as community hubs, offering a wide range of professional development courses and public lectures to engage the wider society. This initiative is designed to make knowledge more accessible and to foster a culture of intellectual curiosity among the general public. Universities are also partnering with community organizations and government agencies to address pressing social and environmental challenges, from sustainable urban planning to solutions for an aging population. This shift reflects a growing recognition that universities have a responsibility to contribute to the well-being and development of the broader community, moving beyond their traditional roles as centers for teaching and research to become catalysts for positive change.",singapore_universities; community_organizations; government_agencies,community_hubs; professional_development; lifelong_learning; social_challenges; community_partnerships,singapore,responsibility; positive_change; curiosity
"The Singaporean government is taking a strong stance on financial literacy, with new initiatives to equip citizens with the knowledge and skills they need to make sound financial decisions. The MoneySENSE program, a collaboration between government agencies and the financial industry, offers a wide range of educational resources, from workshops on budgeting and saving to online tools for retirement planning. The focus is on providing unbiased and actionable advice that is relevant to the needs of different groups, from young adults to seniors. This proactive approach to financial education is crucial for building a more resilient and empowered society, where all citizens have the confidence and capability to manage their finances effectively and secure their financial future.",singaporean_government; moneysense_program; financial_industry,financial_literacy; financial_education; budgeting_saving; retirement_planning,singapore,empowerment; confidence; resilience
"The Singaporean education system is placing a greater emphasis on creativity and innovation through the arts and design curriculum. Schools are now required to integrate arts education into the core curriculum, providing students with opportunities to engage in visual arts, music, and drama. This initiative is designed to foster creative thinking, self-expression, and collaboration. Furthermore, new specialized arts and design schools have been established to provide a more focused pathway for artistically inclined students. The government believes that a strong foundation in the arts is essential for developing a well-rounded individual who can think outside the box and contribute to a more vibrant and innovative society. This holistic approach recognizes that creativity is a key skill for the future economy, and it is nurtured from a young age.",singaporean_education_system; arts_and_design_curriculum; specialized_arts_schools; government,arts_education; creativity; innovation; education_reform; holistic_approach,singapore,
"The rise of artificial intelligence (AI) in Singapore's financial sector is reshaping the landscape of consumer banking, with AI-powered chatbots and virtual assistants providing 24/7 customer support and personalized financial advice. Banks are leveraging AI to analyze customer data and offer tailored products, from credit cards to personal loans, at the right time. This technology is not only improving customer experience but also enhancing operational efficiency by automating routine tasks and reducing processing times. The Monetary Authority of Singapore (MAS) is actively encouraging the responsible use of AI in finance, providing guidelines and support to ensure that these technologies are deployed in a fair and transparent manner. This embrace of AI is a key part of Singapore's strategy to maintain its competitive edge as a global financial hub.",artificial_intelligence; monetary_authority_of_singapore; consumer_banking; financial_sector; virtual_assistants,ai_in_finance; customer_experience; operational_efficiency; responsible_ai; financial_hub; personalized_finance,singapore,
"The Singaporean education system is making a concerted effort to foster a culture of resilience and mental well-being among students, a crucial aspect of holistic development. New programs and curriculum materials have been introduced to help students understand and manage their emotions, cope with stress, and build strong interpersonal relationships. The Ministry of Education has also increased the number of school counselors and enhanced their training to better support students facing mental health challenges. This proactive and supportive approach recognizes that academic success is inextricably linked to a student's emotional health. The focus is on creating a safe and nurturing school environment where students feel comfortable seeking help and are equipped with the life skills to navigate the complexities of modern life.",ministry_of_education; singaporean_education; school_counsellors; students,mental_well-being; resilience; student_development; holistic_development; life_skills,singapore,supportive; safe; well-being; stress
"The Singaporean banking sector is spearheading the development of digital identities for consumers, a move that will simplify financial transactions and enhance security. The Monetary Authority of Singapore (MAS) is working with banks and other financial institutions to create a secure, interoperable digital identity framework that will allow consumers to verify their identity seamlessly across different services. This initiative, known as the National Digital Identity (NDI) project, will reduce the need for physical documentation and provide a more secure and efficient way to conduct financial transactions. This framework is a cornerstone of Singapore's Smart Nation initiative, aiming to build a more convenient and secure digital ecosystem for all citizens and businesses, from banking to e-government services.",monetary_authority_of_singapore; mas; national_digital_identity; ndi; smart_nation_initiative,digital_identity; banking_sector; financial_transactions; enhanced_security; digital_ecosystem; e-government_services,singapore,
"Singapore's universities are increasingly focused on developing interdisciplinary programs that combine technology with the humanities and social sciences. New degrees in fields like 'Digital Humanities' and 'Urban Science' are being offered, which require students to integrate knowledge from multiple disciplines to solve complex real-world problems. This approach reflects the understanding that the most significant challenges of the future will require both technical expertise and a deep understanding of human behavior and societal dynamics. This pedagogical shift encourages students to think critically, collaborate effectively, and apply a broad range of skills to create innovative solutions. It represents a bold move to bridge the gap between STEM and the humanities, creating graduates who are not only technically proficient but also socially and culturally aware.",singapore_universities,interdisciplinary; education_reform; digital_humanities; urban_science; stem_humanities,singapore,
"The Singaporean government is pushing to make finance a more accessible and inclusive sector, with new regulations designed to protect vulnerable consumers and promote financial literacy. The Monetary Authority of Singapore (MAS) has introduced guidelines to ensure that financial products are clearly explained and that consumers are not sold products that are unsuitable for their risk profile. Furthermore, there are now national campaigns and educational resources to help citizens, particularly the youth and the elderly, better understand financial concepts like budgeting, saving, and investing. This focus on financial inclusion is crucial for building a more resilient society where all citizens have the knowledge and tools to manage their finances effectively and secure their financial future.",singaporean_government; monetary_authority,financial_inclusion; financial_literacy; consumer_protection; new_regulations,singapore,protection; security
"Singapore's primary schools are embracing a more flexible and student-centric approach to learning, with the implementation of the Primary Education Review and Implementation (PERI) recommendations. This framework encourages schools to move away from rote learning and toward more hands-on, activity-based lessons that cater to different learning styles. The curriculum now incorporates more playtime and non-academic activities, recognizing the importance of play in a child's development. This shift aims to create a more enjoyable and less stressful learning environment for young students, fostering a love for learning that will last a lifetime. The focus is on nurturing a child's natural curiosity and creativity, providing a strong foundation for their future academic and personal growth.",peri; primary_schools,education_reform; student_centric; activity_based; holistic_education; child_development,singapore,enjoyment; stress_reduction; love
"The Singaporean banking sector is pioneering the use of blockchain technology to streamline cross-border payments, making international transactions faster, cheaper, and more transparent. Several major banks have collaborated with the Monetary Authority of Singapore (MAS) to explore the use of distributed ledger technology (DLT) for cross-border payments, reducing the need for multiple intermediaries and lengthy processing times. This initiative is a response to the growing demand for more efficient international payment solutions, particularly for businesses and individuals operating in the region. The use of blockchain promises to enhance security and reduce the risk of fraud, while also providing a clear audit trail for all transactions. This technological leap is a key part of Singapore's strategy to become a leading hub for regional financial services.",monetary_authority_singapore; mas; distributed_ledger_technology; dlt; blockchain_technology,cross-border_payments; blockchain; financial_technology; banking; financial_innovation,singapore,
"The Singaporean education system is placing a strong emphasis on digital literacy and critical thinking skills to help students navigate the complexities of the digital age. New curriculum guidelines have been introduced to teach students how to evaluate the credibility of online information, identify fake news, and practice responsible online behavior. These skills are now considered as important as traditional literacy and numeracy. Schools are using a variety of interactive tools and real-world case studies to make these lessons relevant and engaging. The goal is to equip students with the ability to be discerning and responsible digital citizens who can contribute positively to an increasingly interconnected world. This proactive approach ensures that students are not just passive consumers of information but active and critical thinkers.",singapore_education,digital_literacy; critical_thinking; education; curriculum; fake_news; digital_citizenship,singapore,positive; responsible
"Singapore's insurance sector is evolving to meet the needs of a rapidly aging population, with a growing number of new products tailored to senior citizens. Insurers are introducing flexible health insurance plans, long-term care policies, and retirement annuities that provide a stable income stream for retirees. The use of technology is helping to make these products more accessible and understandable, with digital platforms that offer clear comparisons and easy application processes. The government is also playing a key role, with schemes like the CareShield Life long-term care insurance providing a basic level of protection for all citizens. This collaborative effort between the public and private sectors is crucial for ensuring that all Singaporeans have the financial security they need to age with dignity and peace of mind.",insurance_sector; senior_citizens; health_insurance; long_term_care; retirement_annuities; careshield_life,aging_population; insurance_products; financial_security; govt_private_collab; digital_platforms,singapore,security; peace_of_mind
"Singapore's universities are actively promoting social entrepreneurship and innovation, encouraging students to develop solutions that address social and environmental challenges. New programs and incubators have been established to support student-led startups with a social mission, providing them with mentorship, funding, and networking opportunities. These initiatives are often interdisciplinary, bringing together students from engineering, business, and social sciences to collaborate on projects ranging from sustainable urban farming to technology for the elderly. This focus on social impact is part of a broader trend in higher education to move beyond purely economic goals and cultivate a generation of leaders who are committed to creating a more equitable and sustainable society. It reflects a growing desire among students to use their skills to make a positive difference in the world.",singapore_universities; engineering; business; social_sciences,social_entrepreneurship; innovation; student_startups; social_impact; higher_education; sustainability; elderly_tech,singapore,positive_impact; commitment; desire
"The Monetary Authority of Singapore (MAS) is taking a proactive stance on digital asset regulation, aiming to balance innovation with a need for consumer protection. New guidelines have been issued for digital payment token service providers, clarifying rules on licensing, anti-money laundering controls, and market conduct. This regulatory clarity is attracting more legitimate and well-capitalized players to the Singapore market, solidifying its position as a hub for blockchain and cryptocurrency innovation in a responsible manner. The MAS has also launched Project Ubin, a collaborative effort with the financial industry to explore the use of distributed ledger technology for clearing and settlement of payments and securities. This forward-looking approach ensures that Singapore remains at the forefront of financial technology while mitigating potential risks associated with the nascent digital asset space.",mas; digital_tokens; project_ubin,digital_asset_rules; consumer_protection; financial_innovation; blockchain_hub; distributed_ledger,singapore,proactive; responsible; caution
"The Singaporean education system is increasingly focused on cultivating a culture of innovation and problem-solving through its science and technology curriculum. Schools are integrating robotics, coding, and artificial intelligence into the classroom, providing students with hands-on experience in these fields. This is part of a broader strategy to prepare students for a knowledge-based economy where technical skills and creative thinking are highly valued. Furthermore, the Ministry of Education is encouraging schools to organize more hackathons and innovation challenges, where students can work in teams to solve real-world problems. This experiential learning approach helps students to develop crucial skills like collaboration, critical thinking, and resilience, which are essential for success in the future workforce.",ministry_of_education,education_system; innovation; problem_solving; science_technology; robotics; coding; experiential_learn; knowledge_economy; critical_thinking,singapore,
"Singapore's financial sector is making significant strides in cybersecurity, with institutions investing heavily in advanced security measures to protect against increasingly sophisticated cyber threats. The Monetary Authority of Singapore (MAS) has set out stringent security guidelines, including the requirement for all financial institutions to conduct regular vulnerability assessments and penetration testing. This proactive approach ensures that the financial ecosystem is robust and able to withstand a wide range of cyber-attacks, from ransomware to phishing scams. Furthermore, there is a strong emphasis on industry-wide collaboration, with institutions sharing threat intelligence and best practices to stay one step ahead of cybercriminals. This collective effort is crucial for maintaining the trust and confidence that is the cornerstone of Singapore's success as a global financial hub.",monetary_authority_of_singapore; financial_sector; cyber_threats; financial_institutions; vulnerability_assessments; penetration_testing; threat_intelligence; cybercriminals,cybersecurity; security_guidelines; financial_protection; industry_collaboration; mas_regulation,singapore,threat; trust; confidence
"The Singaporean education system is placing a renewed emphasis on values and character development, recognizing that a well-rounded individual needs more than just academic knowledge. The curriculum now includes a strong focus on empathy, resilience, and civic responsibility, taught through a variety of classroom activities and community service projects. The Ministry of Education believes that these core values are essential for building a cohesive and caring society. Schools are also encouraged to provide more opportunities for students to engage in meaningful community service, allowing them to apply their values in a real-world setting. This holistic approach to education aims to produce not just high-achieving individuals, but responsible and compassionate citizens who can contribute meaningfully to the well-being of the nation.",ministry_of_education; singaporean_education_system,character_development; values_education; holistic_education; community_service; civic_responsibility,singapore,caring; compassion
"The Singaporean banking industry is at the forefront of the global push for sustainable finance, with major banks actively developing and promoting green financial products. This includes green loans for businesses that meet specific environmental targets and green bonds to fund projects in renewable energy and sustainable infrastructure. The Monetary Authority of Singapore (MAS) has been a key driver of this trend, providing grants and regulatory support to encourage financial institutions to integrate environmental, social, and governance (ESG) factors into their core business operations. This strategic pivot is not just about meeting a global trend; it is about cementing Singapore's role as a leading green finance hub in Asia, attracting a new class of investors who are seeking to align their capital with their values.",monetary_authority; banking_industry; esg,sustainable_finance; green_finance; green_loans; green_bonds; green_finance_hub,singapore; asia,ambition
"The Singaporean education system is increasingly leveraging technology to provide a more personalized learning experience for students. Schools are adopting adaptive learning platforms that use artificial intelligence to tailor content and pacing to each student's needs, providing targeted support where it is most needed. This allows educators to move beyond a one-size-fits-all approach and focus on higher-level activities like critical thinking and project-based learning. The Ministry of Education is also providing teachers with extensive training on how to effectively integrate technology into their lessons, ensuring that it enhances rather than replaces the role of the educator. This forward-looking approach is a key part of Singapore's Smart Nation initiative, aiming to create a more effective and equitable education system.",ministry_of_education; smart_nation,education_technology; personalized_learning; adaptive_learning; artificial_intelligence; teacher_training; education_system,singapore,
"The Monetary Authority of Singapore's (MAS) push for green finance is reshaping the entire financial ecosystem, with a new focus on Environmental, Social, and Governance (ESG) criteria. A key initiative is the launch of the MAS Green Bonds"" program, aimed at encouraging both public and private sector entities to raise capital for projects that support a low-carbon transition. This has spurred a wave of innovation in financial products, including sustainability-linked loans and climate-focused investment funds. Financial institutions are now required to disclose their climate-related risks and opportunities, which enhances transparency and helps investors make more informed decisions. This concerted effort is positioning Singapore as a global leader in sustainable finance, attracting international capital and expertise while helping to address the pressing challenges of climate change across the region.""",monetary_authority_of_singapore; mas; esg; mas_green_bonds,green_finance; sustainable_finance; low_carbon_transition; climate_risk_disclosure; financial_innovation; financial_regulation,singapore,urgency; confidence
"Singapore's university sector is increasingly focused on developing a more flexible and modular approach to higher education, allowing students to customize their degrees to match their career aspirations. This includes the introduction of stackable"" certificates and micro-credentials that can be combined to form a full degree, giving students more control over their learning journey. Universities are also collaborating with industry partners to co-develop specialized courses and capstone projects that address real-world business challenges. This shift is a response to the rapid pace of change in the job market, where a single degree may not be enough to sustain a career for a lifetime. The goal is to create a system of higher education that is more responsive to the needs of the economy and better prepares graduates for a world of continuous learning and career transitions.""",university_sector,higher_education; flexible_learning; modular_education; stackable_certs; industry_collab; continuous_learning,singapore,
"The Singaporean banking industry is leading the way in adopting advanced analytics to enhance risk management and fraud detection. By leveraging big data and machine learning, banks can now analyze vast amounts of transaction data in real-time, identifying suspicious patterns and preventing fraudulent activities before they occur. This proactive approach not only protects consumers but also strengthens the integrity of the financial system as a whole. The Monetary Authority of Singapore (MAS) has been a strong supporter of this trend, providing a secure data-sharing framework that allows financial institutions to collaborate on combating financial crime. This technological advancement is a key part of Singapore's strategy to maintain its reputation as a safe and reliable financial hub in a globalized world.",monetary_authority_of_singapore; singapore_banking,advanced_analytics; risk_management; fraud_detection; machine_learning; financial_crime; financial_hub,singapore,security
"Singapore's education system is actively promoting a 'learning for life' philosophy, moving beyond formal education to provide citizens with continuous opportunities for skills development. The SkillsFuture initiative is at the heart of this effort, providing all Singaporeans with a credit to offset the cost of courses, encouraging them to take charge of their own learning. This national movement is supported by a network of educational institutions, training providers, and companies that offer a wide range of courses, from technical skills to soft skills like leadership and communication. The government believes that this culture of lifelong learning is essential for building a resilient workforce that can adapt to the rapid changes brought about by automation and digitalization, ensuring that no one is left behind in the future economy.",skillsfuture_initiative; singaporeans; singapore_education_system; government,lifelong_learning; skills_development; workforce_resilience; future_economy; upskilling; reskilling,singapore,
"The fintech scene in Singapore is seeing a surge of innovation in the areas of cross-border payments and remittances, driven by a need for more efficient and cost-effective solutions. Companies are leveraging blockchain technology and digital currencies to bypass traditional banking intermediaries, making international money transfers faster and more transparent. The Monetary Authority of Singapore (MAS) has been a key enabler of this trend, with Project Ubin exploring the use of distributed ledger technology for clearing and settlement. This forward-looking approach is cementing Singapore's role as a testbed for new financial technologies, attracting startups and established players from around the world who are looking to revolutionize the way money moves across borders.",monetary_authority_of_singapore; mas; project_ubin,cross_border_payment; fintech_innovation; blockchain_tech; financial_technology; digital_currencies,singapore,
"Singapore's universities are re-imagining their role as community hubs, offering a wide range of professional development courses and public lectures to engage the wider society. This initiative is designed to make knowledge more accessible and to foster a culture of intellectual curiosity among the general public. Universities are also partnering with community organizations and government agencies to address pressing social and environmental challenges, from sustainable urban planning to solutions for an aging population. This shift reflects a growing recognition that universities have a responsibility to contribute to the well-being and development of the broader community, moving beyond their traditional roles as centers for teaching and research to become catalysts for positive change.",singapore_universities; community_organizations; government_agencies,community_hubs; professional_development; lifelong_learning; social_challenges; aging_population; sustainable_planning,singapore,positive_change; concern
"The Singaporean government is taking a strong stance on financial literacy, with new initiatives to equip citizens with the knowledge and skills they need to make sound financial decisions. The MoneySENSE program, a collaboration between government agencies and the financial industry, offers a wide range of educational resources, from workshops on budgeting and saving to online tools for retirement planning. The focus is on providing unbiased and actionable advice that is relevant to the needs of different groups, from young adults to seniors. This proactive approach to financial education is crucial for building a more resilient and empowered society, where all citizens have the confidence and capability to manage their finances effectively and secure their financial future.",singaporean_government; moneysense_program; government_agencies; financial_industry,financial_literacy; financial_education; citizen_empowerment; retirement_planning; budgeting_saving,singapore,empowerment; confidence; resilience
"The Singaporean education system is placing a greater emphasis on creativity and innovation through the arts and design curriculum. Schools are now required to integrate arts education into the core curriculum, providing students with opportunities to engage in visual arts, music, and drama. This initiative is designed to foster creative thinking, self-expression, and collaboration. Furthermore, new specialized arts and design schools have been established to provide a more focused pathway for artistically inclined students. The government believes that a strong foundation in the arts is essential for developing a well-rounded individual who can think outside the box and contribute to a more vibrant and innovative society. This holistic approach recognizes that creativity is a key skill for the future economy, and it is nurtured from a young age.",singaporean_education_system; arts_and_design_curriculum; specialized_arts_schools; government,arts_education; creativity; innovation; curriculum_change; holistic_education; future_economy,singapore,
"The rise of artificial intelligence (AI) in Singapore's financial sector is reshaping the landscape of consumer banking, with AI-powered chatbots and virtual assistants providing 24/7 customer support and personalized financial advice. Banks are leveraging AI to analyze customer data and offer tailored products, from credit cards to personal loans, at the right time. This technology is not only improving customer experience but also enhancing operational efficiency by automating routine tasks and reducing processing times. The Monetary Authority of Singapore (MAS) is actively encouraging the responsible use of AI in finance, providing guidelines and support to ensure that these technologies are deployed in a fair and transparent manner. This embrace of AI is a key part of Singapore's strategy to maintain its competitive edge as a global financial hub.",artificial_intelligence; ai; consumer_banking; monetary_authority_of_singapore; mas; financial_sector; global_financial_hub,ai_in_banking; customer_support; financial_advice; customer_experience; operational_efficiency; responsible_ai,singapore,
"The Singaporean education system is making a concerted effort to foster a culture of resilience and mental well-being among students, a crucial aspect of holistic development. New programs and curriculum materials have been introduced to help students understand and manage their emotions, cope with stress, and build strong interpersonal relationships. The Ministry of Education has also increased the number of school counselors and enhanced their training to better support students facing mental health challenges. This proactive and supportive approach recognizes that academic success is inextricably linked to a student's emotional health. The focus is on creating a safe and nurturing school environment where students feel comfortable seeking help and are equipped with the life skills to navigate the complexities of modern life.",ministry_of_education; singaporean_education_system,mental_wellbeing; student_resilience; holistic_development; student_support; school_counselors,singapore,stress; well_being
"The Singaporean banking sector is spearheading the development of digital identities for consumers, a move that will simplify financial transactions and enhance security. The Monetary Authority of Singapore (MAS) is working with banks and other financial institutions to create a secure, interoperable digital identity framework that will allow consumers to verify their identity seamlessly across different services. This initiative, known as the National Digital Identity (NDI) project, will reduce the need for physical documentation and provide a more secure and efficient way to conduct financial transactions. This framework is a cornerstone of Singapore's Smart Nation initiative, aiming to build a more convenient and secure digital ecosystem for all citizens and businesses, from banking to e-government services.",monetary_authority_of_singapore; mas; national_digital_identity; ndi; smart_nation,digital_identity; financial_transactions; security_enhancement; digital_ecosystem; e_government_services,singapore,
"Singapore's universities are increasingly focused on developing interdisciplinary programs that combine technology with the humanities and social sciences. New degrees in fields like 'Digital Humanities' and 'Urban Science' are being offered, which require students to integrate knowledge from multiple disciplines to solve complex real-world problems. This approach reflects the understanding that the most significant challenges of the future will require both technical expertise and a deep understanding of human behavior and societal dynamics. This pedagogical shift encourages students to think critically, collaborate effectively, and apply a broad range of skills to create innovative solutions. It represents a bold move to bridge the gap between STEM and the humanities, creating graduates who are not only technically proficient but also socially and culturally aware.",singapore_universities; digital_humanities; urban_science; stem,interdisciplinary_programs; pedagogical_shift; tech_humanities; holistic_education; innovative_solutions,singapore,
"The Singaporean government is pushing to make finance a more accessible and inclusive sector, with new regulations designed to protect vulnerable consumers and promote financial literacy. The Monetary Authority of Singapore (MAS) has introduced guidelines to ensure that financial products are clearly explained and that consumers are not sold products that are unsuitable for their risk profile. Furthermore, there are now national campaigns and educational resources to help citizens, particularly the youth and the elderly, better understand financial concepts like budgeting, saving, and investing. This focus on financial inclusion is crucial for building a more resilient society where all citizens have the knowledge and tools to manage their finances effectively and secure their financial future.",singaporean_government; monetary_authority_of_singapore; mas,financial_inclusion; financial_literacy; consumer_protection; new_regulations,singapore,protection; resilience
"Singapore's primary schools are embracing a more flexible and student-centric approach to learning, with the implementation of the Primary Education Review and Implementation (PERI) recommendations. This framework encourages schools to move away from rote learning and toward more hands-on, activity-based lessons that cater to different learning styles. The curriculum now incorporates more playtime and non-academic activities, recognizing the importance of play in a child's development. This shift aims to create a more enjoyable and less stressful learning environment for young students, fostering a love for learning that will last a lifetime. The focus is on nurturing a child's natural curiosity and creativity, providing a strong foundation for their future academic and personal growth.",peri; primary_schools,education_reform; student_centric_learning; hands_on_learning; learning_through_play; child_development,singapore,enjoyment; stress_reduction; love
"The Singaporean banking sector is pioneering the use of blockchain technology to streamline cross-border payments, making international transactions faster, cheaper, and more transparent. Several major banks have collaborated with the Monetary Authority of Singapore (MAS) to explore the use of distributed ledger technology (DLT) for cross-border payments, reducing the need for multiple intermediaries and lengthy processing times. This initiative is a response to the growing demand for more efficient international payment solutions, particularly for businesses and individuals operating in the region. The use of blockchain promises to enhance security and reduce the risk of fraud, while also providing a clear audit trail for all transactions. This technological leap is a key part of Singapore's strategy to become a leading hub for regional financial services.",singaporean_banking_sector; monetary_authority_of_singapore; distributed_ledger_technology; blockchain_technology,cross_border_payments; blockchain; payment_efficiency; financial_hub; financial_services,singapore,
"The Singaporean education system is placing a strong emphasis on digital literacy and critical thinking skills to help students navigate the complexities of the digital age. New curriculum guidelines have been introduced to teach students how to evaluate the credibility of online information, identify fake news, and practice responsible online behavior. These skills are now considered as important as traditional literacy and numeracy. Schools are using a variety of interactive tools and real-world case studies to make these lessons relevant and engaging. The goal is to equip students with the ability to be discerning and responsible digital citizens who can contribute positively to an increasingly interconnected world. This proactive approach ensures that students are not just passive consumers of information but active and critical thinkers.",singaporean_education_system,digital_literacy; critical_thinking; curriculum_update; digital_citizenship,singapore,proactive
"Singapore's insurance sector is evolving to meet the needs of a rapidly aging population, with a growing number of new products tailored to senior citizens. Insurers are introducing flexible health insurance plans, long-term care policies, and retirement annuities that provide a stable income stream for retirees. The use of technology is helping to make these products more accessible and understandable, with digital platforms that offer clear comparisons and easy application processes. The government is also playing a key role, with schemes like the CareShield Life long-term care insurance providing a basic level of protection for all citizens. This collaborative effort between the public and private sectors is crucial for ensuring that all Singaporeans have the financial security they need to age with dignity and peace of mind.",insurance_sector; senior_citizens; careshield_life; government; insurers,aging_population; senior_insurance; long_term_care; retirement_planning; financial_security; public_private_coop,singapore,security; dignity; peace_of_mind
"Singapore's universities are actively promoting social entrepreneurship and innovation, encouraging students to develop solutions that address social and environmental challenges. New programs and incubators have been established to support student-led startups with a social mission, providing them with mentorship, funding, and networking opportunities. These initiatives are often interdisciplinary, bringing together students from engineering, business, and social sciences to collaborate on projects ranging from sustainable urban farming to technology for the elderly. This focus on social impact is part of a broader trend in higher education to move beyond purely economic goals and cultivate a generation of leaders who are committed to creating a more equitable and sustainable society. It reflects a growing desire among students to use their skills to make a positive difference in the world.",singapore_universities,social_entrepreneurship; innovation; student_startups; social_impact; higher_education,singapore,encouragement; positive
"The Monetary Authority of Singapore (MAS) is taking a proactive stance on digital asset regulation, aiming to balance innovation with a need for consumer protection. New guidelines have been issued for digital payment token service providers, clarifying rules on licensing, anti-money laundering controls, and market conduct. This regulatory clarity is attracting more legitimate and well-capitalized players to the Singapore market, solidifying its position as a hub for blockchain and cryptocurrency innovation in a responsible manner. The MAS has also launched Project Ubin, a collaborative effort with the financial industry to explore the use of distributed ledger technology for clearing and settlement of payments and securities. This forward-looking approach ensures that Singapore remains at the forefront of financial technology while mitigating potential risks associated with the nascent digital asset space.",mas; digital_payment_token; project_ubin; ledger_technology,digital_asset_rules; consumer_protection; blockchain_innovation; financial_technology; crypto_hub,singapore,responsibility; optimism
"The Singaporean education system is increasingly focused on cultivating a culture of innovation and problem-solving through its science and technology curriculum. Schools are integrating robotics, coding, and artificial intelligence into the classroom, providing students with hands-on experience in these fields. This is part of a broader strategy to prepare students for a knowledge-based economy where technical skills and creative thinking are highly valued. Furthermore, the Ministry of Education is encouraging schools to organize more hackathons and innovation challenges, where students can work in teams to solve real-world problems. This experiential learning approach helps students to develop crucial skills like collaboration, critical thinking, and resilience, which are essential for success in the future workforce.",singaporean_education_system; ministry_of_education,innovation; problem_solving; science_technology; robotics_coding_ai; knowledge_economy; experiential_learning; future_workforce,singapore,
"Singapore's financial sector is making significant strides in cybersecurity, with institutions investing heavily in advanced security measures to protect against increasingly sophisticated cyber threats. The Monetary Authority of Singapore (MAS) has set out stringent security guidelines, including the requirement for all financial institutions to conduct regular vulnerability assessments and penetration testing. This proactive approach ensures that the financial ecosystem is robust and able to withstand a wide range of cyber-attacks, from ransomware to phishing scams. Furthermore, there is a strong emphasis on industry-wide collaboration, with institutions sharing threat intelligence and best practices to stay one step ahead of cybercriminals. This collective effort is crucial for maintaining the trust and confidence that is the cornerstone of Singapore's success as a global financial hub.",mas; financial_institutions,cybersecurity; financial_sector; security_guidelines; threat_intelligence; industry_collaboration,singapore,trust; confidence
"The Singaporean education system is placing a renewed emphasis on values and character development, recognizing that a well-rounded individual needs more than just academic knowledge. The curriculum now includes a strong focus on empathy, resilience, and civic responsibility, taught through a variety of classroom activities and community service projects. The Ministry of Education believes that these core values are essential for building a cohesive and caring society. Schools are also encouraged to provide more opportunities for students to engage in meaningful community service, allowing them to apply their values in a real-world setting. This holistic approach to education aims to produce not just high-achieving individuals, but responsible and compassionate citizens who can contribute meaningfully to the well-being of the nation.",ministry_of_education,character_development; values_education; holistic_education; community_service; civic_responsibility,singapore,empathy; resilience; compassion; caring
"The Singaporean banking industry is at the forefront of the global push for sustainable finance, with major banks actively developing and promoting green financial products. This includes green loans for businesses that meet specific environmental targets and green bonds to fund projects in renewable energy and sustainable infrastructure. The Monetary Authority of Singapore (MAS) has been a key driver of this trend, providing grants and regulatory support to encourage financial institutions to integrate environmental, social, and governance (ESG) factors into their core business operations. This strategic pivot is not just about meeting a global trend; it is about cementing Singapore's role as a leading green finance hub in Asia, attracting a new class of investors who are seeking to align their capital with their values.",monetary_authority_of_singapore; mas; singaporean_banking,sustainable_finance; green_finance; green_loans; green_bonds; esg; green_finance_hub; regulatory_support,singapore; asia,
"The Singaporean education system is increasingly leveraging technology to provide a more personalized learning experience for students. Schools are adopting adaptive learning platforms that use artificial intelligence to tailor content and pacing to each student's needs, providing targeted support where it is most needed. This allows educators to move beyond a one-size-fits-all approach and focus on higher-level activities like critical thinking and project-based learning. The Ministry of Education is also providing teachers with extensive training on how to effectively integrate technology into their lessons, ensuring that it enhances rather than replaces the role of the educator. This forward-looking approach is a key part of Singapore's Smart Nation initiative, aiming to create a more effective and equitable education system.",ministry_of_education; smart_nation_initiative,education_technology; personalized_learning; adaptive_learning; ai_in_education; teacher_training; education_system,singapore,
"The Monetary Authority of Singapore's (MAS) push for green finance is reshaping the entire financial ecosystem, with a new focus on Environmental, Social, and Governance (ESG) criteria. A key initiative is the launch of the MAS Green Bonds"" program, aimed at encouraging both public and private sector entities to raise capital for projects that support a low-carbon transition. This has spurred a wave of innovation in financial products, including sustainability-linked loans and climate-focused investment funds. Financial institutions are now required to disclose their climate-related risks and opportunities, which enhances transparency and helps investors make more informed decisions. This concerted effort is positioning Singapore as a global leader in sustainable finance, attracting international capital and expertise while helping to address the pressing challenges of climate change across the region.""",monetary_authority_of_singapore; mas; esg; mas_green_bonds,green_finance; sustainable_finance; esg_criteria; low-carbon_transition; climate_risk; financial_innovation; sustainability_linked_loans,singapore,urgency
"Singapore's university sector is increasingly focused on developing a more flexible and modular approach to higher education, allowing students to customize their degrees to match their career aspirations. This includes the introduction of stackable"" certificates and micro-credentials that can be combined to form a full degree, giving students more control over their learning journey. Universities are also collaborating with industry partners to co-develop specialized courses and capstone projects that address real-world business challenges. This shift is a response to the rapid pace of change in the job market, where a single degree may not be enough to sustain a career for a lifetime. The goal is to create a system of higher education that is more responsive to the needs of the economy and better prepares graduates for a world of continuous learning and career transitions.""",university_sector; stackable_certificates; micro_credentials; higher_education,flexible_learning; modular_education; customised_degrees; industry_collaboration; continuous_learning; career_transitions,singapore,
"The Singaporean banking industry is leading the way in adopting advanced analytics to enhance risk management and fraud detection. By leveraging big data and machine learning, banks can now analyze vast amounts of transaction data in real-time, identifying suspicious patterns and preventing fraudulent activities before they occur. This proactive approach not only protects consumers but also strengthens the integrity of the financial system as a whole. The Monetary Authority of Singapore (MAS) has been a strong supporter of this trend, providing a secure data-sharing framework that allows financial institutions to collaborate on combating financial crime. This technological advancement is a key part of Singapore's strategy to maintain its reputation as a safe and reliable financial hub in a globalized world.",monetary_authority_of_singapore; banking_industry; financial_institutions,advanced_analytics; risk_management; fraud_detection; machine_learning; big_data; financial_crime; data_sharing,singapore,security
"Singapore's education system is actively promoting a 'learning for life' philosophy, moving beyond formal education to provide citizens with continuous opportunities for skills development. The SkillsFuture initiative is at the heart of this effort, providing all Singaporeans with a credit to offset the cost of courses, encouraging them to take charge of their own learning. This national movement is supported by a network of educational institutions, training providers, and companies that offer a wide range of courses, from technical skills to soft skills like leadership and communication. The government believes that this culture of lifelong learning is essential for building a resilient workforce that can adapt to the rapid changes brought about by automation and digitalization, ensuring that no one is left behind in the future economy.",skillsfuture_initiative,lifelong_learning; skills_development; resilient_workforce; future_economy,singapore,
"The fintech scene in Singapore is seeing a surge of innovation in the areas of cross-border payments and remittances, driven by a need for more efficient and cost-effective solutions. Companies are leveraging blockchain technology and digital currencies to bypass traditional banking intermediaries, making international money transfers faster and more transparent. The Monetary Authority of Singapore (MAS) has been a key enabler of this trend, with Project Ubin exploring the use of distributed ledger technology for clearing and settlement. This forward-looking approach is cementing Singapore's role as a testbed for new financial technologies, attracting startups and established players from around the world who are looking to revolutionize the way money moves across borders.",monetary_authority_of_singapore; project_ubin,fintech_innovation; cross_border_payments; remittances; blockchain_technology; digital_currencies; financial_technology,singapore,
"Singapore's universities are re-imagining their role as community hubs, offering a wide range of professional development courses and public lectures to engage the wider society. This initiative is designed to make knowledge more accessible and to foster a culture of intellectual curiosity among the general public. Universities are also partnering with community organizations and government agencies to address pressing social and environmental challenges, from sustainable urban planning to solutions for an aging population. This shift reflects a growing recognition that universities have a responsibility to contribute to the well-being and development of the broader community, moving beyond their traditional roles as centers for teaching and research to become catalysts for positive change.",singapore_universities; community_organizations; government_agencies,community_hubs; professional_development; knowledge_sharing; social_responsibility; aging_population; sustainable_planning,singapore,positive_change
"The Singaporean government is taking a strong stance on financial literacy, with new initiatives to equip citizens with the knowledge and skills they need to make sound financial decisions. The MoneySENSE program, a collaboration between government agencies and the financial industry, offers a wide range of educational resources, from workshops on budgeting and saving to online tools for retirement planning. The focus is on providing unbiased and actionable advice that is relevant to the needs of different groups, from young adults to seniors. This proactive approach to financial education is crucial for building a more resilient and empowered society, where all citizens have the confidence and capability to manage their finances effectively and secure their financial future.",singapore_government; moneysense_program,financial_literacy; financial_education; retirement_planning; financial_resilience,singapore,confidence; empowerment
"The Singaporean education system is placing a greater emphasis on creativity and innovation through the arts and design curriculum. Schools are now required to integrate arts education into the core curriculum, providing students with opportunities to engage in visual arts, music, and drama. This initiative is designed to foster creative thinking, self-expression, and collaboration. Furthermore, new specialized arts and design schools have been established to provide a more focused pathway for artistically inclined students. The government believes that a strong foundation in the arts is essential for developing a well-rounded individual who can think outside the box and contribute to a more vibrant and innovative society. This holistic approach recognizes that creativity is a key skill for the future economy, and it is nurtured from a young age.",singaporean_education; arts_and_design; core_curriculum; specialized_schools,arts_education; creativity; innovation; curriculum_change; holistic_education,singapore,
"The rise of artificial intelligence (AI) in Singapore's financial sector is reshaping the landscape of consumer banking, with AI-powered chatbots and virtual assistants providing 24/7 customer support and personalized financial advice. Banks are leveraging AI to analyze customer data and offer tailored products, from credit cards to personal loans, at the right time. This technology is not only improving customer experience but also enhancing operational efficiency by automating routine tasks and reducing processing times. The Monetary Authority of Singapore (MAS) is actively encouraging the responsible use of AI in finance, providing guidelines and support to ensure that these technologies are deployed in a fair and transparent manner. This embrace of AI is a key part of Singapore's strategy to maintain its competitive edge as a global financial hub.",artificial_intelligence; consumer_banking; monetary_authority; singapore,ai_in_finance; customer_experience; operational_efficiency; responsible_ai,singapore,
"The Singaporean education system is making a concerted effort to foster a culture of resilience and mental well-being among students, a crucial aspect of holistic development. New programs and curriculum materials have been introduced to help students understand and manage their emotions, cope with stress, and build strong interpersonal relationships. The Ministry of Education has also increased the number of school counselors and enhanced their training to better support students facing mental health challenges. This proactive and supportive approach recognizes that academic success is inextricably linked to a student's emotional health. The focus is on creating a safe and nurturing school environment where students feel comfortable seeking help and are equipped with the life skills to navigate the complexities of modern life.",education_ministry; school_counselors; education_system,mental_well_being; resilience; student_support; holistic_development; emotional_health; life_skills,singapore,support; stress; coping
"The Singaporean banking sector is spearheading the development of digital identities for consumers, a move that will simplify financial transactions and enhance security. The Monetary Authority of Singapore (MAS) is working with banks and other financial institutions to create a secure, interoperable digital identity framework that will allow consumers to verify their identity seamlessly across different services. This initiative, known as the National Digital Identity (NDI) project, will reduce the need for physical documentation and provide a more secure and efficient way to conduct financial transactions. This framework is a cornerstone of Singapore's Smart Nation initiative, aiming to build a more convenient and secure digital ecosystem for all citizens and businesses, from banking to e-government services.",mas; national_digital_id; smart_nation; banking_sector,digital_identity; digital_banking; financial_transactions; cybersecurity,singapore,
"Singapore's universities are increasingly focused on developing interdisciplinary programs that combine technology with the humanities and social sciences. New degrees in fields like 'Digital Humanities' and 'Urban Science' are being offered, which require students to integrate knowledge from multiple disciplines to solve complex real-world problems. This approach reflects the understanding that the most significant challenges of the future will require both technical expertise and a deep understanding of human behavior and societal dynamics. This pedagogical shift encourages students to think critically, collaborate effectively, and apply a broad range of skills to create innovative solutions. It represents a bold move to bridge the gap between STEM and the humanities, creating graduates who are not only technically proficient but also socially and culturally aware.",singapore_universities; digital_humanities; urban_science; stem,interdisciplinary_programs; pedagogical_shift; tech_and_humanities; innovative_solutions,singapore,bold; innovative
"The Singaporean government is pushing to make finance a more accessible and inclusive sector, with new regulations designed to protect vulnerable consumers and promote financial literacy. The Monetary Authority of Singapore (MAS) has introduced guidelines to ensure that financial products are clearly explained and that consumers are not sold products that are unsuitable for their risk profile. Furthermore, there are now national campaigns and educational resources to help citizens, particularly the youth and the elderly, better understand financial concepts like budgeting, saving, and investing. This focus on financial inclusion is crucial for building a more resilient society where all citizens have the knowledge and tools to manage their finances effectively and secure their financial future.",singaporean_government; mas,financial_inclusion; financial_literacy; consumer_protection; financial_regulation,singapore,resilience
"Singapore's primary schools are embracing a more flexible and student-centric approach to learning, with the implementation of the Primary Education Review and Implementation (PERI) recommendations. This framework encourages schools to move away from rote learning and toward more hands-on, activity-based lessons that cater to different learning styles. The curriculum now incorporates more playtime and non-academic activities, recognizing the importance of play in a child's development. This shift aims to create a more enjoyable and less stressful learning environment for young students, fostering a love for learning that will last a lifetime. The focus is on nurturing a child's natural curiosity and creativity, providing a strong foundation for their future academic and personal growth.",primary_education_review_and_implementation; peri; primary_schools,education_reform; student_centric; activity_based; hands-on_learning; child_development; primary_education,singapore,enjoyment; less_stress; love
"The Singaporean banking sector is pioneering the use of blockchain technology to streamline cross-border payments, making international transactions faster, cheaper, and more transparent. Several major banks have collaborated with the Monetary Authority of Singapore (MAS) to explore the use of distributed ledger technology (DLT) for cross-border payments, reducing the need for multiple intermediaries and lengthy processing times. This initiative is a response to the growing demand for more efficient international payment solutions, particularly for businesses and individuals operating in the region. The use of blockchain promises to enhance security and reduce the risk of fraud, while also providing a clear audit trail for all transactions. This technological leap is a key part of Singapore's strategy to become a leading hub for regional financial services.",monetary_authority_of_singapore; mas; blockchain_technology; distributed_ledger,cross_border_payment; financial_services; payment_solutions; banking_initiative,singapore,
"The Singaporean education system is placing a strong emphasis on digital literacy and critical thinking skills to help students navigate the complexities of the digital age. New curriculum guidelines have been introduced to teach students how to evaluate the credibility of online information, identify fake news, and practice responsible online behavior. These skills are now considered as important as traditional literacy and numeracy. Schools are using a variety of interactive tools and real-world case studies to make these lessons relevant and engaging. The goal is to equip students with the ability to be discerning and responsible digital citizens who can contribute positively to an increasingly interconnected world. This proactive approach ensures that students are not just passive consumers of information but active and critical thinkers.",education_system; digital_literacy; critical_thinking; fake_news; digital_citizens,education_reform; digital_literacy; critical_thinking; media_literacy; digital_citizenship,singapore,
"Singapore's insurance sector is evolving to meet the needs of a rapidly aging population, with a growing number of new products tailored to senior citizens. Insurers are introducing flexible health insurance plans, long-term care policies, and retirement annuities that provide a stable income stream for retirees. The use of technology is helping to make these products more accessible and understandable, with digital platforms that offer clear comparisons and easy application processes. The government is also playing a key role, with schemes like the CareShield Life long-term care insurance providing a basic level of protection for all citizens. This collaborative effort between the public and private sectors is crucial for ensuring that all Singaporeans have the financial security they need to age with dignity and peace of mind.",careshield_life,aging_population; senior_insurance; long_term_care; financial_security; retirement_annuities; health_insurance,singapore,security; peace_of_mind
"Singapore's universities are actively promoting social entrepreneurship and innovation, encouraging students to develop solutions that address social and environmental challenges. New programs and incubators have been established to support student-led startups with a social mission, providing them with mentorship, funding, and networking opportunities. These initiatives are often interdisciplinary, bringing together students from engineering, business, and social sciences to collaborate on projects ranging from sustainable urban farming to technology for the elderly. This focus on social impact is part of a broader trend in higher education to move beyond purely economic goals and cultivate a generation of leaders who are committed to creating a more equitable and sustainable society. It reflects a growing desire among students to use their skills to make a positive difference in the world.",singapore_universities; social_entrepreneurship; student_startups; higher_education; social_mission,student_innovation; social_impact; startup_support; startup_incubator; interdisciplinary,singapore,commitment; desire
"The Monetary Authority of Singapore (MAS) is taking a proactive stance on digital asset regulation, aiming to balance innovation with a need for consumer protection. New guidelines have been issued for digital payment token service providers, clarifying rules on licensing, anti-money laundering controls, and market conduct. This regulatory clarity is attracting more legitimate and well-capitalized players to the Singapore market, solidifying its position as a hub for blockchain and cryptocurrency innovation in a responsible manner. The MAS has also launched Project Ubin, a collaborative effort with the financial industry to explore the use of distributed ledger technology for clearing and settlement of payments and securities. This forward-looking approach ensures that Singapore remains at the forefront of financial technology while mitigating potential risks associated with the nascent digital asset space.",monetary_authority_of_singapore; mas; digital_payment_token; project_ubin; distributed_ledger_tech,digital_asset_regulation; consumer_protection; regulatory_clarity; blockchain; cryptocurrency; fintech; anti_money_laundering; innovation,singapore,responsibility; confidence
"The Singaporean education system is increasingly focused on cultivating a culture of innovation and problem-solving through its science and technology curriculum. Schools are integrating robotics, coding, and artificial intelligence into the classroom, providing students with hands-on experience in these fields. This is part of a broader strategy to prepare students for a knowledge-based economy where technical skills and creative thinking are highly valued. Furthermore, the Ministry of Education is encouraging schools to organize more hackathons and innovation challenges, where students can work in teams to solve real-world problems. This experiential learning approach helps students to develop crucial skills like collaboration, critical thinking, and resilience, which are essential for success in the future workforce.",ministry_of_education; robotics; coding; artificial_intelligence; hackathons; innovation_challenges,education_system; innovation; problem_solving; science_technology; experiential_learning; future_workforce,singapore,
"Singapore's financial sector is making significant strides in cybersecurity, with institutions investing heavily in advanced security measures to protect against increasingly sophisticated cyber threats. The Monetary Authority of Singapore (MAS) has set out stringent security guidelines, including the requirement for all financial institutions to conduct regular vulnerability assessments and penetration testing. This proactive approach ensures that the financial ecosystem is robust and able to withstand a wide range of cyber-attacks, from ransomware to phishing scams. Furthermore, there is a strong emphasis on industry-wide collaboration, with institutions sharing threat intelligence and best practices to stay one step ahead of cybercriminals. This collective effort is crucial for maintaining the trust and confidence that is the cornerstone of Singapore's success as a global financial hub.",monetary_authority_of_singapore; mas; financial_sector; cyber_threats; threat_intelligence,cybersecurity; financial_regulation; security_guidelines; industry_collaboration,singapore,concern; confidence; trust
"The Singaporean education system is placing a renewed emphasis on values and character development, recognizing that a well-rounded individual needs more than just academic knowledge. The curriculum now includes a strong focus on empathy, resilience, and civic responsibility, taught through a variety of classroom activities and community service projects. The Ministry of Education believes that these core values are essential for building a cohesive and caring society. Schools are also encouraged to provide more opportunities for students to engage in meaningful community service, allowing them to apply their values in a real-world setting. This holistic approach to education aims to produce not just high-achieving individuals, but responsible and compassionate citizens who can contribute meaningfully to the well-being of the nation.",ministry_of_education; education_system,character_development; values_education; holistic_education; community_service; civic_responsibility,singapore,caring; compassion; resilience
"The Singaporean banking industry is at the forefront of the global push for sustainable finance, with major banks actively developing and promoting green financial products. This includes green loans for businesses that meet specific environmental targets and green bonds to fund projects in renewable energy and sustainable infrastructure. The Monetary Authority of Singapore (MAS) has been a key driver of this trend, providing grants and regulatory support to encourage financial institutions to integrate environmental, social, and governance (ESG) factors into their core business operations. This strategic pivot is not just about meeting a global trend; it is about cementing Singapore's role as a leading green finance hub in Asia, attracting a new class of investors who are seeking to align their capital with their values.",monetary_authority_of_singapore; esg,sustainable_finance; green_finance; green_loans; green_bonds; green_finance_hub; renewable_energy,singapore; asia,
"The Singaporean education system is increasingly leveraging technology to provide a more personalized learning experience for students. Schools are adopting adaptive learning platforms that use artificial intelligence to tailor content and pacing to each student's needs, providing targeted support where it is most needed. This allows educators to move beyond a one-size-fits-all approach and focus on higher-level activities like critical thinking and project-based learning. The Ministry of Education is also providing teachers with extensive training on how to effectively integrate technology into their lessons, ensuring that it enhances rather than replaces the role of the educator. This forward-looking approach is a key part of Singapore's Smart Nation initiative, aiming to create a more effective and equitable education system.",ministry_of_education; smart_nation; sg_education_system; artificial_intelligence,personalized_learning; tech_integration; adaptive_learning; teacher_training; education_system,singapore,forward_looking
"The Monetary Authority of Singapore's (MAS) push for green finance is reshaping the entire financial ecosystem, with a new focus on Environmental, Social, and Governance (ESG) criteria. A key initiative is the launch of the MAS Green Bonds"" program, aimed at encouraging both public and private sector entities to raise capital for projects that support a low-carbon transition. This has spurred a wave of innovation in financial products, including sustainability-linked loans and climate-focused investment funds. Financial institutions are now required to disclose their climate-related risks and opportunities, which enhances transparency and helps investors make more informed decisions. This concerted effort is positioning Singapore as a global leader in sustainable finance, attracting international capital and expertise while helping to address the pressing challenges of climate change across the region.""",monetary_authority_of_singapore; mas; mas_green_bonds; environmental_social_governance,green_finance; sustainable_finance; esg_criteria; low_carbon_transition; financial_innovation; climate_risk_disclosure,singapore,ambition; leadership
"Singapore's university sector is increasingly focused on developing a more flexible and modular approach to higher education, allowing students to customize their degrees to match their career aspirations. This includes the introduction of stackable"" certificates and micro-credentials that can be combined to form a full degree, giving students more control over their learning journey. Universities are also collaborating with industry partners to co-develop specialized courses and capstone projects that address real-world business challenges. This shift is a response to the rapid pace of change in the job market, where a single degree may not be enough to sustain a career for a lifetime. The goal is to create a system of higher education that is more responsive to the needs of the economy and better prepares graduates for a world of continuous learning and career transitions.""",university_sector; stackable_certificates; micro_credentials; industry_partners; capstone_projects,higher_education; flexible_learning; customised_degrees; continuous_learning; industry_collaboration,singapore,
"The Singaporean banking industry is leading the way in adopting advanced analytics to enhance risk management and fraud detection. By leveraging big data and machine learning, banks can now analyze vast amounts of transaction data in real-time, identifying suspicious patterns and preventing fraudulent activities before they occur. This proactive approach not only protects consumers but also strengthens the integrity of the financial system as a whole. The Monetary Authority of Singapore (MAS) has been a strong supporter of this trend, providing a secure data-sharing framework that allows financial institutions to collaborate on combating financial crime. This technological advancement is a key part of Singapore's strategy to maintain its reputation as a safe and reliable financial hub in a globalized world.",monetary_authority_of_singapore; banking_industry; financial_institutions,advanced_analytics; risk_management; fraud_detection; big_data; machine_learning; financial_crime; data_sharing; financial_hub,singapore,safety; security; reliability
"Singapore's education system is actively promoting a 'learning for life' philosophy, moving beyond formal education to provide citizens with continuous opportunities for skills development. The SkillsFuture initiative is at the heart of this effort, providing all Singaporeans with a credit to offset the cost of courses, encouraging them to take charge of their own learning. This national movement is supported by a network of educational institutions, training providers, and companies that offer a wide range of courses, from technical skills to soft skills like leadership and communication. The government believes that this culture of lifelong learning is essential for building a resilient workforce that can adapt to the rapid changes brought about by automation and digitalization, ensuring that no one is left behind in the future economy.",skillsfuture; singaporeans; government; education_system,lifelong_learning; skills_development; resilient_workforce; future_economy; automation; digitalization,singapore,resilience
"The fintech scene in Singapore is seeing a surge of innovation in the areas of cross-border payments and remittances, driven by a need for more efficient and cost-effective solutions. Companies are leveraging blockchain technology and digital currencies to bypass traditional banking intermediaries, making international money transfers faster and more transparent. The Monetary Authority of Singapore (MAS) has been a key enabler of this trend, with Project Ubin exploring the use of distributed ledger technology for clearing and settlement. This forward-looking approach is cementing Singapore's role as a testbed for new financial technologies, attracting startups and established players from around the world who are looking to revolutionize the way money moves across borders.",monetary_authority; mas; project_ubin,fintech; cross_border_payment; remittances; blockchain; digital_currencies; distributed_ledger,singapore,
"Singapore's universities are re-imagining their role as community hubs, offering a wide range of professional development courses and public lectures to engage the wider society. This initiative is designed to make knowledge more accessible and to foster a culture of intellectual curiosity among the general public. Universities are also partnering with community organizations and government agencies to address pressing social and environmental challenges, from sustainable urban planning to solutions for an aging population. This shift reflects a growing recognition that universities have a responsibility to contribute to the well-being and development of the broader community, moving beyond their traditional roles as centers for teaching and research to become catalysts for positive change.",singapore_universities; community_organizations; government_agencies,university_community_hub; community_engagement; professional_development; knowledge_accessibility; aging_population; sustainable_urban_planning,singapore,responsibility; well_being; positive_change; intellectual_curiosity
"The Singaporean government is taking a strong stance on financial literacy, with new initiatives to equip citizens with the knowledge and skills they need to make sound financial decisions. The MoneySENSE program, a collaboration between government agencies and the financial industry, offers a wide range of educational resources, from workshops on budgeting and saving to online tools for retirement planning. The focus is on providing unbiased and actionable advice that is relevant to the needs of different groups, from young adults to seniors. This proactive approach to financial education is crucial for building a more resilient and empowered society, where all citizens have the confidence and capability to manage their finances effectively and secure their financial future.",singapore_government; moneysense_program,financial_literacy; financial_education; retirement_planning; budgeting; saving,singapore,empowerment; confidence; resilience
"The Singaporean education system is placing a greater emphasis on creativity and innovation through the arts and design curriculum. Schools are now required to integrate arts education into the core curriculum, providing students with opportunities to engage in visual arts, music, and drama. This initiative is designed to foster creative thinking, self-expression, and collaboration. Furthermore, new specialized arts and design schools have been established to provide a more focused pathway for artistically inclined students. The government believes that a strong foundation in the arts is essential for developing a well-rounded individual who can think outside the box and contribute to a more vibrant and innovative society. This holistic approach recognizes that creativity is a key skill for the future economy, and it is nurtured from a young age.",singaporean_education_system; arts_and_design_curriculum; specialized_arts_schools,arts_education; curriculum_change; creative_thinking; innovation; holistic_education,singapore,
"The rise of artificial intelligence (AI) in Singapore's financial sector is reshaping the landscape of consumer banking, with AI-powered chatbots and virtual assistants providing 24/7 customer support and personalized financial advice. Banks are leveraging AI to analyze customer data and offer tailored products, from credit cards to personal loans, at the right time. This technology is not only improving customer experience but also enhancing operational efficiency by automating routine tasks and reducing processing times. The Monetary Authority of Singapore (MAS) is actively encouraging the responsible use of AI in finance, providing guidelines and support to ensure that these technologies are deployed in a fair and transparent manner. This embrace of AI is a key part of Singapore's strategy to maintain its competitive edge as a global financial hub.",artificial_intelligence; ai; consumer_banking; monetary_authority_of_singapore; mas,ai_in_banking; customer_experience; operational_efficiency; responsible_ai; financial_hub; personalized_advice,singapore,
"The Singaporean education system is making a concerted effort to foster a culture of resilience and mental well-being among students, a crucial aspect of holistic development. New programs and curriculum materials have been introduced to help students understand and manage their emotions, cope with stress, and build strong interpersonal relationships. The Ministry of Education has also increased the number of school counselors and enhanced their training to better support students facing mental health challenges. This proactive and supportive approach recognizes that academic success is inextricably linked to a student's emotional health. The focus is on creating a safe and nurturing school environment where students feel comfortable seeking help and are equipped with the life skills to navigate the complexities of modern life.",ministry_of_education; singaporean_education_system; school_counsellors,mental_well_being; student_resilience; holistic_development; student_support; life_skills,singapore,supportive; resilience; nurturing
"The Singaporean banking sector is spearheading the development of digital identities for consumers, a move that will simplify financial transactions and enhance security. The Monetary Authority of Singapore (MAS) is working with banks and other financial institutions to create a secure, interoperable digital identity framework that will allow consumers to verify their identity seamlessly across different services. This initiative, known as the National Digital Identity (NDI) project, will reduce the need for physical documentation and provide a more secure and efficient way to conduct financial transactions. This framework is a cornerstone of Singapore's Smart Nation initiative, aiming to build a more convenient and secure digital ecosystem for all citizens and businesses, from banking to e-government services.",monetary_authority_of_singapore; national_digital_identity; smart_nation_initiative; banking_sector,digital_identity; fintech; security_enhancement; digital_ecosystem; e-government_services,singapore,
"Singapore's universities are increasingly focused on developing interdisciplinary programs that combine technology with the humanities and social sciences. New degrees in fields like 'Digital Humanities' and 'Urban Science' are being offered, which require students to integrate knowledge from multiple disciplines to solve complex real-world problems. This approach reflects the understanding that the most significant challenges of the future will require both technical expertise and a deep understanding of human behavior and societal dynamics. This pedagogical shift encourages students to think critically, collaborate effectively, and apply a broad range of skills to create innovative solutions. It represents a bold move to bridge the gap between STEM and the humanities, creating graduates who are not only technically proficient but also socially and culturally aware.",singapore_universities; digital_humanities; urban_science; stem; humanities; social_sciences,interdisciplinary_programs; pedagogical_shift; education; tech_humanities; curriculum_development; graduate_skills,singapore,
"The Singaporean government is pushing to make finance a more accessible and inclusive sector, with new regulations designed to protect vulnerable consumers and promote financial literacy. The Monetary Authority of Singapore (MAS) has introduced guidelines to ensure that financial products are clearly explained and that consumers are not sold products that are unsuitable for their risk profile. Furthermore, there are now national campaigns and educational resources to help citizens, particularly the youth and the elderly, better understand financial concepts like budgeting, saving, and investing. This focus on financial inclusion is crucial for building a more resilient society where all citizens have the knowledge and tools to manage their finances effectively and secure their financial future.",singapore_government; mas; monetary_authority_of_singapore,financial_inclusion; financial_literacy; consumer_protection; new_regulations,singapore,resilience; security
"Singapore's primary schools are embracing a more flexible and student-centric approach to learning, with the implementation of the Primary Education Review and Implementation (PERI) recommendations. This framework encourages schools to move away from rote learning and toward more hands-on, activity-based lessons that cater to different learning styles. The curriculum now incorporates more playtime and non-academic activities, recognizing the importance of play in a child's development. This shift aims to create a more enjoyable and less stressful learning environment for young students, fostering a love for learning that will last a lifetime. The focus is on nurturing a child's natural curiosity and creativity, providing a strong foundation for their future academic and personal growth.",primary_education_review_and_implementation; peri; primary_schools,education_reform; primary_education; student-centric; play-based_learning; holistic_development,singapore,enjoyment; less_stress
"The Singaporean banking sector is pioneering the use of blockchain technology to streamline cross-border payments, making international transactions faster, cheaper, and more transparent. Several major banks have collaborated with the Monetary Authority of Singapore (MAS) to explore the use of distributed ledger technology (DLT) for cross-border payments, reducing the need for multiple intermediaries and lengthy processing times. This initiative is a response to the growing demand for more efficient international payment solutions, particularly for businesses and individuals operating in the region. The use of blockchain promises to enhance security and reduce the risk of fraud, while also providing a clear audit trail for all transactions. This technological leap is a key part of Singapore's strategy to become a leading hub for regional financial services.",monetary_authority_singapore; dlt; singapore_banking,blockchain_technology; cross-border_payments; financial_hub; payment_streamlining,singapore,
"The Singaporean education system is placing a strong emphasis on digital literacy and critical thinking skills to help students navigate the complexities of the digital age. New curriculum guidelines have been introduced to teach students how to evaluate the credibility of online information, identify fake news, and practice responsible online behavior. These skills are now considered as important as traditional literacy and numeracy. Schools are using a variety of interactive tools and real-world case studies to make these lessons relevant and engaging. The goal is to equip students with the ability to be discerning and responsible digital citizens who can contribute positively to an increasingly interconnected world. This proactive approach ensures that students are not just passive consumers of information but active and critical thinkers.",sg_education_system; digital_literacy; critical_thinking; fake_news; digital_citizens; online_information,education_system; digital_literacy; curriculum_update; critical_thinking; combating_fake_news,singapore,
"Singapore's insurance sector is evolving to meet the needs of a rapidly aging population, with a growing number of new products tailored to senior citizens. Insurers are introducing flexible health insurance plans, long-term care policies, and retirement annuities that provide a stable income stream for retirees. The use of technology is helping to make these products more accessible and understandable, with digital platforms that offer clear comparisons and easy application processes. The government is also playing a key role, with schemes like the CareShield Life long-term care insurance providing a basic level of protection for all citizens. This collaborative effort between the public and private sectors is crucial for ensuring that all Singaporeans have the financial security they need to age with dignity and peace of mind.",careshield_life,insurance_sector; aging_population; senior_citizens; health_insurance; long_term_care; retirement_annuities; financial_security; digital_platforms,singapore,dignity; peace_of_mind; security
"Singapore's universities are actively promoting social entrepreneurship and innovation, encouraging students to develop solutions that address social and environmental challenges. New programs and incubators have been established to support student-led startups with a social mission, providing them with mentorship, funding, and networking opportunities. These initiatives are often interdisciplinary, bringing together students from engineering, business, and social sciences to collaborate on projects ranging from sustainable urban farming to technology for the elderly. This focus on social impact is part of a broader trend in higher education to move beyond purely economic goals and cultivate a generation of leaders who are committed to creating a more equitable and sustainable society. It reflects a growing desire among students to use their skills to make a positive difference in the world.",singapore_universities; social_entrepreneurship; student_led_startups; sustainable_urban_farming; technology_for_the_elderly; higher_education,social_innovation; student_startups; startup_incubators; interdisciplinary_collaboration; social_impact; sustainable_society,singapore,encouragement; commitment; positive_impact
"The Monetary Authority of Singapore (MAS) is taking a proactive stance on digital asset regulation, aiming to balance innovation with a need for consumer protection. New guidelines have been issued for digital payment token service providers, clarifying rules on licensing, anti-money laundering controls, and market conduct. This regulatory clarity is attracting more legitimate and well-capitalized players to the Singapore market, solidifying its position as a hub for blockchain and cryptocurrency innovation in a responsible manner. The MAS has also launched Project Ubin, a collaborative effort with the financial industry to explore the use of distributed ledger technology for clearing and settlement of payments and securities. This forward-looking approach ensures that Singapore remains at the forefront of financial technology while mitigating potential risks associated with the nascent digital asset space.",monetary_authority_of_singapore; mas; digital_payment_token; project_ubin,digital_asset_regulation; consumer_protection; anti_money_laundering; blockchain_innovation; distributed_ledger,singapore,caution
"The Singaporean education system is increasingly focused on cultivating a culture of innovation and problem-solving through its science and technology curriculum. Schools are integrating robotics, coding, and artificial intelligence into the classroom, providing students with hands-on experience in these fields. This is part of a broader strategy to prepare students for a knowledge-based economy where technical skills and creative thinking are highly valued. Furthermore, the Ministry of Education is encouraging schools to organize more hackathons and innovation challenges, where students can work in teams to solve real-world problems. This experiential learning approach helps students to develop crucial skills like collaboration, critical thinking, and resilience, which are essential for success in the future workforce.",ministry_of_education; science_and_technology; artificial_intelligence; knowledge_based_economy; future_workforce,education_system; innovation_culture; problem_solving; tech_integration; experiential_learning; skill_development,singapore,
"Singapore's financial sector is making significant strides in cybersecurity, with institutions investing heavily in advanced security measures to protect against increasingly sophisticated cyber threats. The Monetary Authority of Singapore (MAS) has set out stringent security guidelines, including the requirement for all financial institutions to conduct regular vulnerability assessments and penetration testing. This proactive approach ensures that the financial ecosystem is robust and able to withstand a wide range of cyber-attacks, from ransomware to phishing scams. Furthermore, there is a strong emphasis on industry-wide collaboration, with institutions sharing threat intelligence and best practices to stay one step ahead of cybercriminals. This collective effort is crucial for maintaining the trust and confidence that is the cornerstone of Singapore's success as a global financial hub.",monetary_authority_of_singapore; financial_sector,cybersecurity; security_guidelines; financial_institutions; cyber_threats; industry_collaboration; vulnerability_assessments; penetration_testing,singapore,trust; confidence
"The Singaporean education system is placing a renewed emphasis on values and character development, recognizing that a well-rounded individual needs more than just academic knowledge. The curriculum now includes a strong focus on empathy, resilience, and civic responsibility, taught through a variety of classroom activities and community service projects. The Ministry of Education believes that these core values are essential for building a cohesive and caring society. Schools are also encouraged to provide more opportunities for students to engage in meaningful community service, allowing them to apply their values in a real-world setting. This holistic approach to education aims to produce not just high-achieving individuals, but responsible and compassionate citizens who can contribute meaningfully to the well-being of the nation.",ministry_of_education; sg_education_system,character_development; values_education; holistic_education; community_service,singapore,caring; compassion; resilience; empathy
"The Singaporean banking industry is at the forefront of the global push for sustainable finance, with major banks actively developing and promoting green financial products. This includes green loans for businesses that meet specific environmental targets and green bonds to fund projects in renewable energy and sustainable infrastructure. The Monetary Authority of Singapore (MAS) has been a key driver of this trend, providing grants and regulatory support to encourage financial institutions to integrate environmental, social, and governance (ESG) factors into their core business operations. This strategic pivot is not just about meeting a global trend; it is about cementing Singapore's role as a leading green finance hub in Asia, attracting a new class of investors who are seeking to align their capital with their values.",mas; esg,sustainable_finance; green_loans; green_bonds; green_finance_hub; esg_integration,singapore; asia,
"The Singaporean education system is increasingly leveraging technology to provide a more personalized learning experience for students. Schools are adopting adaptive learning platforms that use artificial intelligence to tailor content and pacing to each student's needs, providing targeted support where it is most needed. This allows educators to move beyond a one-size-fits-all approach and focus on higher-level activities like critical thinking and project-based learning. The Ministry of Education is also providing teachers with extensive training on how to effectively integrate technology into their lessons, ensuring that it enhances rather than replaces the role of the educator. This forward-looking approach is a key part of Singapore's Smart Nation initiative, aiming to create a more effective and equitable education system.",ministry_of_education; smart_nation; artificial_intelligence; adaptive_learning,education_technology; personalized_learning; teacher_training; equitable_education,singapore,
"The Monetary Authority of Singapore's (MAS) push for green finance is reshaping the entire financial ecosystem, with a new focus on Environmental, Social, and Governance (ESG) criteria. A key initiative is the launch of the MAS Green Bonds"" program, aimed at encouraging both public and private sector entities to raise capital for projects that support a low-carbon transition. This has spurred a wave of innovation in financial products, including sustainability-linked loans and climate-focused investment funds. Financial institutions are now required to disclose their climate-related risks and opportunities, which enhances transparency and helps investors make more informed decisions. This concerted effort is positioning Singapore as a global leader in sustainable finance, attracting international capital and expertise while helping to address the pressing challenges of climate change across the region.""",monetary_authority_of_singapore; mas; mas_green_bonds; esg,green_finance; sustainable_finance; low_carbon_transition; climate_risk; risk_disclosure; financial_innovation,singapore,
"Singapore's university sector is increasingly focused on developing a more flexible and modular approach to higher education, allowing students to customize their degrees to match their career aspirations. This includes the introduction of stackable"" certificates and micro-credentials that can be combined to form a full degree, giving students more control over their learning journey. Universities are also collaborating with industry partners to co-develop specialized courses and capstone projects that address real-world business challenges. This shift is a response to the rapid pace of change in the job market, where a single degree may not be enough to sustain a career for a lifetime. The goal is to create a system of higher education that is more responsive to the needs of the economy and better prepares graduates for a world of continuous learning and career transitions.""",university_sector; stackable_certs; micro_credentials; industry_partners; capstone_projects,higher_education; flexible_education; modular_learning; customised_degrees; continuous_learning; industry_collab; workforce_readiness,singapore,
"The Singaporean banking industry is leading the way in adopting advanced analytics to enhance risk management and fraud detection. By leveraging big data and machine learning, banks can now analyze vast amounts of transaction data in real-time, identifying suspicious patterns and preventing fraudulent activities before they occur. This proactive approach not only protects consumers but also strengthens the integrity of the financial system as a whole. The Monetary Authority of Singapore (MAS) has been a strong supporter of this trend, providing a secure data-sharing framework that allows financial institutions to collaborate on combating financial crime. This technological advancement is a key part of Singapore's strategy to maintain its reputation as a safe and reliable financial hub in a globalized world.",monetary_authority_of_singapore; mas,advanced_analytics; risk_management; fraud_detection; financial_crime; big_data; machine_learning,singapore,security
"Singapore's education system is actively promoting a 'learning for life' philosophy, moving beyond formal education to provide citizens with continuous opportunities for skills development. The SkillsFuture initiative is at the heart of this effort, providing all Singaporeans with a credit to offset the cost of courses, encouraging them to take charge of their own learning. This national movement is supported by a network of educational institutions, training providers, and companies that offer a wide range of courses, from technical skills to soft skills like leadership and communication. The government believes that this culture of lifelong learning is essential for building a resilient workforce that can adapt to the rapid changes brought about by automation and digitalization, ensuring that no one is left behind in the future economy.",skillsfuture_initiative; singaporeans; government; future_economy,lifelong_learning; skills_development; workforce_resilience; automation; digitalization,singapore,
"The fintech scene in Singapore is seeing a surge of innovation in the areas of cross-border payments and remittances, driven by a need for more efficient and cost-effective solutions. Companies are leveraging blockchain technology and digital currencies to bypass traditional banking intermediaries, making international money transfers faster and more transparent. The Monetary Authority of Singapore (MAS) has been a key enabler of this trend, with Project Ubin exploring the use of distributed ledger technology for clearing and settlement. This forward-looking approach is cementing Singapore's role as a testbed for new financial technologies, attracting startups and established players from around the world who are looking to revolutionize the way money moves across borders.",monetary_authority_of_singapore; mas; project_ubin,cross-border_payments; remittances; fintech_innovation; blockchain_technology; digital_currencies; distributed_ledger,singapore,innovation
"Singapore's universities are re-imagining their role as community hubs, offering a wide range of professional development courses and public lectures to engage the wider society. This initiative is designed to make knowledge more accessible and to foster a culture of intellectual curiosity among the general public. Universities are also partnering with community organizations and government agencies to address pressing social and environmental challenges, from sustainable urban planning to solutions for an aging population. This shift reflects a growing recognition that universities have a responsibility to contribute to the well-being and development of the broader community, moving beyond their traditional roles as centers for teaching and research to become catalysts for positive change.",singapore_universities; community_organizations; government_agencies,community_hubs; professional_development; social_responsibility; lifelong_learning; knowledge_sharing; aging_population,singapore,positive_change; well_being; curiosity
"The Singaporean government is taking a strong stance on financial literacy, with new initiatives to equip citizens with the knowledge and skills they need to make sound financial decisions. The MoneySENSE program, a collaboration between government agencies and the financial industry, offers a wide range of educational resources, from workshops on budgeting and saving to online tools for retirement planning. The focus is on providing unbiased and actionable advice that is relevant to the needs of different groups, from young adults to seniors. This proactive approach to financial education is crucial for building a more resilient and empowered society, where all citizens have the confidence and capability to manage their finances effectively and secure their financial future.",singaporean_government; moneysense_program,financial_literacy; financial_education; financial_planning; retirement_planning; budgeting; saving,singapore,empowerment; confidence; resilience
"The Singaporean education system is placing a greater emphasis on creativity and innovation through the arts and design curriculum. Schools are now required to integrate arts education into the core curriculum, providing students with opportunities to engage in visual arts, music, and drama. This initiative is designed to foster creative thinking, self-expression, and collaboration. Furthermore, new specialized arts and design schools have been established to provide a more focused pathway for artistically inclined students. The government believes that a strong foundation in the arts is essential for developing a well-rounded individual who can think outside the box and contribute to a more vibrant and innovative society. This holistic approach recognizes that creativity is a key skill for the future economy, and it is nurtured from a young age.",singaporean_education_system; arts_design_curriculum; specialized_arts_schools,arts_education; creativity; innovation; holistic_education; future_economy,singapore,
"The rise of artificial intelligence (AI) in Singapore's financial sector is reshaping the landscape of consumer banking, with AI-powered chatbots and virtual assistants providing 24/7 customer support and personalized financial advice. Banks are leveraging AI to analyze customer data and offer tailored products, from credit cards to personal loans, at the right time. This technology is not only improving customer experience but also enhancing operational efficiency by automating routine tasks and reducing processing times. The Monetary Authority of Singapore (MAS) is actively encouraging the responsible use of AI in finance, providing guidelines and support to ensure that these technologies are deployed in a fair and transparent manner. This embrace of AI is a key part of Singapore's strategy to maintain its competitive edge as a global financial hub.",artificial_intelligence; ai; consumer_banking; monetary_authority; mas; global_financial_hub,ai_in_banking; financial_sector; customer_support; operational_efficiency; responsible_ai; personalized_products,singapore,
"The Singaporean education system is making a concerted effort to foster a culture of resilience and mental well-being among students, a crucial aspect of holistic development. New programs and curriculum materials have been introduced to help students understand and manage their emotions, cope with stress, and build strong interpersonal relationships. The Ministry of Education has also increased the number of school counselors and enhanced their training to better support students facing mental health challenges. This proactive and supportive approach recognizes that academic success is inextricably linked to a student's emotional health. The focus is on creating a safe and nurturing school environment where students feel comfortable seeking help and are equipped with the life skills to navigate the complexities of modern life.",ministry_of_education; singaporean_education; school_counselors,mental_well_being; student_resilience; holistic_education; emotional_health; student_support,singapore,stress; supportive; safe
"The Singaporean banking sector is spearheading the development of digital identities for consumers, a move that will simplify financial transactions and enhance security. The Monetary Authority of Singapore (MAS) is working with banks and other financial institutions to create a secure, interoperable digital identity framework that will allow consumers to verify their identity seamlessly across different services. This initiative, known as the National Digital Identity (NDI) project, will reduce the need for physical documentation and provide a more secure and efficient way to conduct financial transactions. This framework is a cornerstone of Singapore's Smart Nation initiative, aiming to build a more convenient and secure digital ecosystem for all citizens and businesses, from banking to e-government services.",monetary_authority_of_singapore; mas; national_digital_identity; ndi; smart_nation; banking_sector; financial_institutions,digital_identity; smart_nation; enhanced_security; digital_ecosystem; identity_verification; financial_transaction,singapore,
"Singapore's universities are increasingly focused on developing interdisciplinary programs that combine technology with the humanities and social sciences. New degrees in fields like 'Digital Humanities' and 'Urban Science' are being offered, which require students to integrate knowledge from multiple disciplines to solve complex real-world problems. This approach reflects the understanding that the most significant challenges of the future will require both technical expertise and a deep understanding of human behavior and societal dynamics. This pedagogical shift encourages students to think critically, collaborate effectively, and apply a broad range of skills to create innovative solutions. It represents a bold move to bridge the gap between STEM and the humanities, creating graduates who are not only technically proficient but also socially and culturally aware.",singapore_universities; digital_humanities; urban_science; stem; humanities; social_sciences,interdisciplinary_programs; pedagogical_shift; educational_innovation; graduate_skills,singapore,boldness; innovation
"The Singaporean government is pushing to make finance a more accessible and inclusive sector, with new regulations designed to protect vulnerable consumers and promote financial literacy. The Monetary Authority of Singapore (MAS) has introduced guidelines to ensure that financial products are clearly explained and that consumers are not sold products that are unsuitable for their risk profile. Furthermore, there are now national campaigns and educational resources to help citizens, particularly the youth and the elderly, better understand financial concepts like budgeting, saving, and investing. This focus on financial inclusion is crucial for building a more resilient society where all citizens have the knowledge and tools to manage their finances effectively and secure their financial future.",singaporean_government; monetary_authority_of_singapore; mas,financial_inclusion; consumer_protection; regulation; financial_literacy; financial_education,singapore,protection; security
"Singapore's primary schools are embracing a more flexible and student-centric approach to learning, with the implementation of the Primary Education Review and Implementation (PERI) recommendations. This framework encourages schools to move away from rote learning and toward more hands-on, activity-based lessons that cater to different learning styles. The curriculum now incorporates more playtime and non-academic activities, recognizing the importance of play in a child's development. This shift aims to create a more enjoyable and less stressful learning environment for young students, fostering a love for learning that will last a lifetime. The focus is on nurturing a child's natural curiosity and creativity, providing a strong foundation for their future academic and personal growth.",singapore_primary_schools; peri_recommendations,education_reform; student-centric_learning; activity-based_learning; holistic_education; learning_through_play,singapore,enjoyment; stress_reduction; curiosity; creativity
"The Singaporean banking sector is pioneering the use of blockchain technology to streamline cross-border payments, making international transactions faster, cheaper, and more transparent. Several major banks have collaborated with the Monetary Authority of Singapore (MAS) to explore the use of distributed ledger technology (DLT) for cross-border payments, reducing the need for multiple intermediaries and lengthy processing times. This initiative is a response to the growing demand for more efficient international payment solutions, particularly for businesses and individuals operating in the region. The use of blockchain promises to enhance security and reduce the risk of fraud, while also providing a clear audit trail for all transactions. This technological leap is a key part of Singapore's strategy to become a leading hub for regional financial services.",monetary_authority_of_singapore; mas; blockchain_technology; distributed_ledger_technology; singaporean_banking,cross-border_payments; blockchain_adoption; payment_efficiency; financial_hub; fraud_reduction,singapore,
"The Singaporean education system is placing a strong emphasis on digital literacy and critical thinking skills to help students navigate the complexities of the digital age. New curriculum guidelines have been introduced to teach students how to evaluate the credibility of online information, identify fake news, and practice responsible online behavior. These skills are now considered as important as traditional literacy and numeracy. Schools are using a variety of interactive tools and real-world case studies to make these lessons relevant and engaging. The goal is to equip students with the ability to be discerning and responsible digital citizens who can contribute positively to an increasingly interconnected world. This proactive approach ensures that students are not just passive consumers of information but active and critical thinkers.",education_system; digital_literacy; critical_thinking; fake_news; digital_citizens,education_reform; digital_literacy; media_literacy; student_skills,singapore,
"Singapore's insurance sector is evolving to meet the needs of a rapidly aging population, with a growing number of new products tailored to senior citizens. Insurers are introducing flexible health insurance plans, long-term care policies, and retirement annuities that provide a stable income stream for retirees. The use of technology is helping to make these products more accessible and understandable, with digital platforms that offer clear comparisons and easy application processes. The government is also playing a key role, with schemes like the CareShield Life long-term care insurance providing a basic level of protection for all citizens. This collaborative effort between the public and private sectors is crucial for ensuring that all Singaporeans have the financial security they need to age with dignity and peace of mind.",careshield_life; singapore,aging_population; insurance_sector; long-term_care; health_insurance; retirement_planning; financial_security; senior_citizens,singapore,dignity; peace_of_mind
"Singapore's universities are actively promoting social entrepreneurship and innovation, encouraging students to develop solutions that address social and environmental challenges. New programs and incubators have been established to support student-led startups with a social mission, providing them with mentorship, funding, and networking opportunities. These initiatives are often interdisciplinary, bringing together students from engineering, business, and social sciences to collaborate on projects ranging from sustainable urban farming to technology for the elderly. This focus on social impact is part of a broader trend in higher education to move beyond purely economic goals and cultivate a generation of leaders who are committed to creating a more equitable and sustainable society. It reflects a growing desire among students to use their skills to make a positive difference in the world.",universities; social_enterprise; student_startups; higher_education; innovation,social_impact; student_innovation; education_initiative; sustainability; interdisciplinary,singapore,commitment; desire
"The Monetary Authority of Singapore (MAS) is taking a proactive stance on digital asset regulation, aiming to balance innovation with a need for consumer protection. New guidelines have been issued for digital payment token service providers, clarifying rules on licensing, anti-money laundering controls, and market conduct. This regulatory clarity is attracting more legitimate and well-capitalized players to the Singapore market, solidifying its position as a hub for blockchain and cryptocurrency innovation in a responsible manner. The MAS has also launched Project Ubin, a collaborative effort with the financial industry to explore the use of distributed ledger technology for clearing and settlement of payments and securities. This forward-looking approach ensures that Singapore remains at the forefront of financial technology while mitigating potential risks associated with the nascent digital asset space.",monetary_authority_of_singapore; mas; digital_payment_token; project_ubin; distributed_ledger_technology,digital_asset_regulation; consumer_protection; blockchain_innovation; cryptocurrency; financial_technology; crypto_hub,singapore,proactive; responsible
"The Singaporean education system is increasingly focused on cultivating a culture of innovation and problem-solving through its science and technology curriculum. Schools are integrating robotics, coding, and artificial intelligence into the classroom, providing students with hands-on experience in these fields. This is part of a broader strategy to prepare students for a knowledge-based economy where technical skills and creative thinking are highly valued. Furthermore, the Ministry of Education is encouraging schools to organize more hackathons and innovation challenges, where students can work in teams to solve real-world problems. This experiential learning approach helps students to develop crucial skills like collaboration, critical thinking, and resilience, which are essential for success in the future workforce.",ministry_of_education,education_system; innovation; problem_solving; science_technology; experiential_learning; future_workforce; coding; robotics,singapore,
"Singapore's financial sector is making significant strides in cybersecurity, with institutions investing heavily in advanced security measures to protect against increasingly sophisticated cyber threats. The Monetary Authority of Singapore (MAS) has set out stringent security guidelines, including the requirement for all financial institutions to conduct regular vulnerability assessments and penetration testing. This proactive approach ensures that the financial ecosystem is robust and able to withstand a wide range of cyber-attacks, from ransomware to phishing scams. Furthermore, there is a strong emphasis on industry-wide collaboration, with institutions sharing threat intelligence and best practices to stay one step ahead of cybercriminals. This collective effort is crucial for maintaining the trust and confidence that is the cornerstone of Singapore's success as a global financial hub.",mas; financial_sector; financial_institutions; cyber_threats,cybersecurity; financial_security; security_guidelines; industry_collaboration; threat_intelligence,singapore,trust; confidence
"The Singaporean education system is placing a renewed emphasis on values and character development, recognizing that a well-rounded individual needs more than just academic knowledge. The curriculum now includes a strong focus on empathy, resilience, and civic responsibility, taught through a variety of classroom activities and community service projects. The Ministry of Education believes that these core values are essential for building a cohesive and caring society. Schools are also encouraged to provide more opportunities for students to engage in meaningful community service, allowing them to apply their values in a real-world setting. This holistic approach to education aims to produce not just high-achieving individuals, but responsible and compassionate citizens who can contribute meaningfully to the well-being of the nation.",singaporean_education_system; ministry_of_education,values_education; character_development; holistic_education; community_service; civic_responsibility,singapore,compassion; care; resilience
"The Singaporean banking industry is at the forefront of the global push for sustainable finance, with major banks actively developing and promoting green financial products. This includes green loans for businesses that meet specific environmental targets and green bonds to fund projects in renewable energy and sustainable infrastructure. The Monetary Authority of Singapore (MAS) has been a key driver of this trend, providing grants and regulatory support to encourage financial institutions to integrate environmental, social, and governance (ESG) factors into their core business operations. This strategic pivot is not just about meeting a global trend; it is about cementing Singapore's role as a leading green finance hub in Asia, attracting a new class of investors who are seeking to align their capital with their values.",monetary_authority_of_singapore; esg,sustainable_finance; green_loans; green_bonds; esg_integration; green_finance_hub,singapore; asia,
"The Singaporean education system is increasingly leveraging technology to provide a more personalized learning experience for students. Schools are adopting adaptive learning platforms that use artificial intelligence to tailor content and pacing to each student's needs, providing targeted support where it is most needed. This allows educators to move beyond a one-size-fits-all approach and focus on higher-level activities like critical thinking and project-based learning. The Ministry of Education is also providing teachers with extensive training on how to effectively integrate technology into their lessons, ensuring that it enhances rather than replaces the role of the educator. This forward-looking approach is a key part of Singapore's Smart Nation initiative, aiming to create a more effective and equitable education system.",ministry_of_education; singaporean_education_system; smart_nation_initiative; artificial_intelligence; adaptive_learning,education_technology; personalized_learning; tech_integration; teacher_training; project_based_learning,singapore,forward_looking
"The Monetary Authority of Singapore's (MAS) push for green finance is reshaping the entire financial ecosystem, with a new focus on Environmental, Social, and Governance (ESG) criteria. A key initiative is the launch of the MAS Green Bonds"" program, aimed at encouraging both public and private sector entities to raise capital for projects that support a low-carbon transition. This has spurred a wave of innovation in financial products, including sustainability-linked loans and climate-focused investment funds. Financial institutions are now required to disclose their climate-related risks and opportunities, which enhances transparency and helps investors make more informed decisions. This concerted effort is positioning Singapore as a global leader in sustainable finance, attracting international capital and expertise while helping to address the pressing challenges of climate change across the region.""",monetary_authority_of_singapore; mas; esg; mas_green_bonds,green_finance; sustainable_finance; low_carbon_transition; financial_innovation; climate_risk,singapore,concern
"Singapore's university sector is increasingly focused on developing a more flexible and modular approach to higher education, allowing students to customize their degrees to match their career aspirations. This includes the introduction of stackable"" certificates and micro-credentials that can be combined to form a full degree, giving students more control over their learning journey. Universities are also collaborating with industry partners to co-develop specialized courses and capstone projects that address real-world business challenges. This shift is a response to the rapid pace of change in the job market, where a single degree may not be enough to sustain a career for a lifetime. The goal is to create a system of higher education that is more responsive to the needs of the economy and better prepares graduates for a world of continuous learning and career transitions.""",university_sector,higher_education; flexible_education; modular_learning; stackable_certificates; industry_collaboration; lifelong_learning,singapore,
"The Singaporean banking industry is leading the way in adopting advanced analytics to enhance risk management and fraud detection. By leveraging big data and machine learning, banks can now analyze vast amounts of transaction data in real-time, identifying suspicious patterns and preventing fraudulent activities before they occur. This proactive approach not only protects consumers but also strengthens the integrity of the financial system as a whole. The Monetary Authority of Singapore (MAS) has been a strong supporter of this trend, providing a secure data-sharing framework that allows financial institutions to collaborate on combating financial crime. This technological advancement is a key part of Singapore's strategy to maintain its reputation as a safe and reliable financial hub in a globalized world.",monetary_authority; mas; singaporean_banking,advanced_analytics; risk_management; fraud_detection; financial_crime; machine_learning,singapore,security; safety; reliability
"Singapore's education system is actively promoting a 'learning for life' philosophy, moving beyond formal education to provide citizens with continuous opportunities for skills development. The SkillsFuture initiative is at the heart of this effort, providing all Singaporeans with a credit to offset the cost of courses, encouraging them to take charge of their own learning. This national movement is supported by a network of educational institutions, training providers, and companies that offer a wide range of courses, from technical skills to soft skills like leadership and communication. The government believes that this culture of lifelong learning is essential for building a resilient workforce that can adapt to the rapid changes brought about by automation and digitalization, ensuring that no one is left behind in the future economy.",skillsfuture; singaporeans,lifelong_learning; skills_development; resilient_workforce; future_economy; automation; digitalization,singapore,
"The fintech scene in Singapore is seeing a surge of innovation in the areas of cross-border payments and remittances, driven by a need for more efficient and cost-effective solutions. Companies are leveraging blockchain technology and digital currencies to bypass traditional banking intermediaries, making international money transfers faster and more transparent. The Monetary Authority of Singapore (MAS) has been a key enabler of this trend, with Project Ubin exploring the use of distributed ledger technology for clearing and settlement. This forward-looking approach is cementing Singapore's role as a testbed for new financial technologies, attracting startups and established players from around the world who are looking to revolutionize the way money moves across borders.",monetary_authority; mas; project_ubin,fintech_innovation; cross-border_payments; remittances; blockchain_technology; digital_currencies; distributed_ledger,singapore,
"Singapore's universities are re-imagining their role as community hubs, offering a wide range of professional development courses and public lectures to engage the wider society. This initiative is designed to make knowledge more accessible and to foster a culture of intellectual curiosity among the general public. Universities are also partnering with community organizations and government agencies to address pressing social and environmental challenges, from sustainable urban planning to solutions for an aging population. This shift reflects a growing recognition that universities have a responsibility to contribute to the well-being and development of the broader community, moving beyond their traditional roles as centers for teaching and research to become catalysts for positive change.",singapore_universities; community_organizations; government_agencies,community_hubs; professional_development; lifelong_learning; social_challenges; aging_population; community_contribution,singapore,positive_change; curiosity
"The Singaporean government is taking a strong stance on financial literacy, with new initiatives to equip citizens with the knowledge and skills they need to make sound financial decisions. The MoneySENSE program, a collaboration between government agencies and the financial industry, offers a wide range of educational resources, from workshops on budgeting and saving to online tools for retirement planning. The focus is on providing unbiased and actionable advice that is relevant to the needs of different groups, from young adults to seniors. This proactive approach to financial education is crucial for building a more resilient and empowered society, where all citizens have the confidence and capability to manage their finances effectively and secure their financial future.",singapore_government; moneysense_program,financial_literacy; financial_education; budgeting; saving; retirement_planning; financial_resilience,singapore,confidence; empowerment
"The Singaporean education system is placing a greater emphasis on creativity and innovation through the arts and design curriculum. Schools are now required to integrate arts education into the core curriculum, providing students with opportunities to engage in visual arts, music, and drama. This initiative is designed to foster creative thinking, self-expression, and collaboration. Furthermore, new specialized arts and design schools have been established to provide a more focused pathway for artistically inclined students. The government believes that a strong foundation in the arts is essential for developing a well-rounded individual who can think outside the box and contribute to a more vibrant and innovative society. This holistic approach recognizes that creativity is a key skill for the future economy, and it is nurtured from a young age.",singaporean_education_system; arts_and_design; arts_and_design_schools; government,arts_education; creativity; innovation; curriculum_integration; holistic_education; skill_development,singapore,
"The rise of artificial intelligence (AI) in Singapore's financial sector is reshaping the landscape of consumer banking, with AI-powered chatbots and virtual assistants providing 24/7 customer support and personalized financial advice. Banks are leveraging AI to analyze customer data and offer tailored products, from credit cards to personal loans, at the right time. This technology is not only improving customer experience but also enhancing operational efficiency by automating routine tasks and reducing processing times. The Monetary Authority of Singapore (MAS) is actively encouraging the responsible use of AI in finance, providing guidelines and support to ensure that these technologies are deployed in a fair and transparent manner. This embrace of AI is a key part of Singapore's strategy to maintain its competitive edge as a global financial hub.",artificial_intelligence; ai; consumer_banking; monetary_authority_of_singapore; mas; financial_sector,ai_in_finance; financial_technology; customer_experience; operational_efficiency; personalized_finance; responsible_ai; financial_hub,singapore,optimism; competitiveness
"The Singaporean education system is making a concerted effort to foster a culture of resilience and mental well-being among students, a crucial aspect of holistic development. New programs and curriculum materials have been introduced to help students understand and manage their emotions, cope with stress, and build strong interpersonal relationships. The Ministry of Education has also increased the number of school counselors and enhanced their training to better support students facing mental health challenges. This proactive and supportive approach recognizes that academic success is inextricably linked to a student's emotional health. The focus is on creating a safe and nurturing school environment where students feel comfortable seeking help and are equipped with the life skills to navigate the complexities of modern life.",singaporean_education_system; ministry_of_education; school_counselors,mental_wellbeing; student_resilience; holistic_development; education_system; life_skills,singapore,stress; supportive; safety
"The Singaporean banking sector is spearheading the development of digital identities for consumers, a move that will simplify financial transactions and enhance security. The Monetary Authority of Singapore (MAS) is working with banks and other financial institutions to create a secure, interoperable digital identity framework that will allow consumers to verify their identity seamlessly across different services. This initiative, known as the National Digital Identity (NDI) project, will reduce the need for physical documentation and provide a more secure and efficient way to conduct financial transactions. This framework is a cornerstone of Singapore's Smart Nation initiative, aiming to build a more convenient and secure digital ecosystem for all citizens and businesses, from banking to e-government services.",monetary_authority; national_digital_id; smart_nation; banking_sector,digital_identity; financial_transactions; digital_security; digital_framework,singapore,
"Singapore's universities are increasingly focused on developing interdisciplinary programs that combine technology with the humanities and social sciences. New degrees in fields like 'Digital Humanities' and 'Urban Science' are being offered, which require students to integrate knowledge from multiple disciplines to solve complex real-world problems. This approach reflects the understanding that the most significant challenges of the future will require both technical expertise and a deep understanding of human behavior and societal dynamics. This pedagogical shift encourages students to think critically, collaborate effectively, and apply a broad range of skills to create innovative solutions. It represents a bold move to bridge the gap between STEM and the humanities, creating graduates who are not only technically proficient but also socially and culturally aware.",singapore_universities,interdisciplinary_pgm; tech_humanities; pedagogical_shift; stem_humanities_gap; digital_humanities; urban_science,singapore,
"The Singaporean government is pushing to make finance a more accessible and inclusive sector, with new regulations designed to protect vulnerable consumers and promote financial literacy. The Monetary Authority of Singapore (MAS) has introduced guidelines to ensure that financial products are clearly explained and that consumers are not sold products that are unsuitable for their risk profile. Furthermore, there are now national campaigns and educational resources to help citizens, particularly the youth and the elderly, better understand financial concepts like budgeting, saving, and investing. This focus on financial inclusion is crucial for building a more resilient society where all citizens have the knowledge and tools to manage their finances effectively and secure their financial future.",singaporean_government; mas,financial_inclusion; financial_literacy; consumer_protection; regulation,singapore,concern; security
"Singapore's primary schools are embracing a more flexible and student-centric approach to learning, with the implementation of the Primary Education Review and Implementation (PERI) recommendations. This framework encourages schools to move away from rote learning and toward more hands-on, activity-based lessons that cater to different learning styles. The curriculum now incorporates more playtime and non-academic activities, recognizing the importance of play in a child's development. This shift aims to create a more enjoyable and less stressful learning environment for young students, fostering a love for learning that will last a lifetime. The focus is on nurturing a child's natural curiosity and creativity, providing a strong foundation for their future academic and personal growth.",primary_education_review_and_implementation; peri,primary_education; student_centric_learning; holistic_education; hands_on_learning; curriculum_change,singapore,enjoyment; curiosity; creativity
"The Singaporean banking sector is pioneering the use of blockchain technology to streamline cross-border payments, making international transactions faster, cheaper, and more transparent. Several major banks have collaborated with the Monetary Authority of Singapore (MAS) to explore the use of distributed ledger technology (DLT) for cross-border payments, reducing the need for multiple intermediaries and lengthy processing times. This initiative is a response to the growing demand for more efficient international payment solutions, particularly for businesses and individuals operating in the region. The use of blockchain promises to enhance security and reduce the risk of fraud, while also providing a clear audit trail for all transactions. This technological leap is a key part of Singapore's strategy to become a leading hub for regional financial services.",singaporean_banking; blockchain_technology; cross_border_payments; monetary_authority_of_singapore; mas; distributed_ledger_technology; dlt,blockchain; payment_efficiency; payment_security; financial_hub; dlt_adoption; fraud_reduction,singapore,confidence
"The Singaporean education system is placing a strong emphasis on digital literacy and critical thinking skills to help students navigate the complexities of the digital age. New curriculum guidelines have been introduced to teach students how to evaluate the credibility of online information, identify fake news, and practice responsible online behavior. These skills are now considered as important as traditional literacy and numeracy. Schools are using a variety of interactive tools and real-world case studies to make these lessons relevant and engaging. The goal is to equip students with the ability to be discerning and responsible digital citizens who can contribute positively to an increasingly interconnected world. This proactive approach ensures that students are not just passive consumers of information but active and critical thinkers.",singapore_education,digital_literacy; critical_thinking; curriculum_update; fake_news; digital_citizenship,singapore,
"Singapore's insurance sector is evolving to meet the needs of a rapidly aging population, with a growing number of new products tailored to senior citizens. Insurers are introducing flexible health insurance plans, long-term care policies, and retirement annuities that provide a stable income stream for retirees. The use of technology is helping to make these products more accessible and understandable, with digital platforms that offer clear comparisons and easy application processes. The government is also playing a key role, with schemes like the CareShield Life long-term care insurance providing a basic level of protection for all citizens. This collaborative effort between the public and private sectors is crucial for ensuring that all Singaporeans have the financial security they need to age with dignity and peace of mind.",careshield_life; insurance_sector,aging_population; long_term_care; senior_insurance; retirement_annuities; financial_security; insurance_technology,singapore,dignity; peace_of_mind; security
"Singapore's universities are actively promoting social entrepreneurship and innovation, encouraging students to develop solutions that address social and environmental challenges. New programs and incubators have been established to support student-led startups with a social mission, providing them with mentorship, funding, and networking opportunities. These initiatives are often interdisciplinary, bringing together students from engineering, business, and social sciences to collaborate on projects ranging from sustainable urban farming to technology for the elderly. This focus on social impact is part of a broader trend in higher education to move beyond purely economic goals and cultivate a generation of leaders who are committed to creating a more equitable and sustainable society. It reflects a growing desire among students to use their skills to make a positive difference in the world.",singapore_universities; social_entrepreneurship; student_led_startups; higher_education; sustainable_urban_farming; technology_for_the_elderly,social_innovation; social_impact; student_startups; higher_education; social_mission; interdisciplinary,singapore,desire; commitment; positive_difference
"The Monetary Authority of Singapore (MAS) is taking a proactive stance on digital asset regulation, aiming to balance innovation with a need for consumer protection. New guidelines have been issued for digital payment token service providers, clarifying rules on licensing, anti-money laundering controls, and market conduct. This regulatory clarity is attracting more legitimate and well-capitalized players to the Singapore market, solidifying its position as a hub for blockchain and cryptocurrency innovation in a responsible manner. The MAS has also launched Project Ubin, a collaborative effort with the financial industry to explore the use of distributed ledger technology for clearing and settlement of payments and securities. This forward-looking approach ensures that Singapore remains at the forefront of financial technology while mitigating potential risks associated with the nascent digital asset space.",monetary_authority_of_singapore; mas; project_ubin,digital_asset_reg; consumer_protection; blockchain_innovation; fintech; distributed_ledger,singapore,proactive; responsibility
"The Singaporean education system is increasingly focused on cultivating a culture of innovation and problem-solving through its science and technology curriculum. Schools are integrating robotics, coding, and artificial intelligence into the classroom, providing students with hands-on experience in these fields. This is part of a broader strategy to prepare students for a knowledge-based economy where technical skills and creative thinking are highly valued. Furthermore, the Ministry of Education is encouraging schools to organize more hackathons and innovation challenges, where students can work in teams to solve real-world problems. This experiential learning approach helps students to develop crucial skills like collaboration, critical thinking, and resilience, which are essential for success in the future workforce.",singaporean_education_system; ministry_of_education,innovation; problem_solving; science_and_technology; experiential_learning; skill_development; future_workforce; knowledge_based_economy,singapore,
"Singapore's financial sector is making significant strides in cybersecurity, with institutions investing heavily in advanced security measures to protect against increasingly sophisticated cyber threats. The Monetary Authority of Singapore (MAS) has set out stringent security guidelines, including the requirement for all financial institutions to conduct regular vulnerability assessments and penetration testing. This proactive approach ensures that the financial ecosystem is robust and able to withstand a wide range of cyber-attacks, from ransomware to phishing scams. Furthermore, there is a strong emphasis on industry-wide collaboration, with institutions sharing threat intelligence and best practices to stay one step ahead of cybercriminals. This collective effort is crucial for maintaining the trust and confidence that is the cornerstone of Singapore's success as a global financial hub.",monetary_authority_of_singapore; financial_sector,cybersecurity; security_guidelines; cyber_attacks; industry_collaboration; financial_hub,singapore,threat; trust; confidence
"The Singaporean education system is placing a renewed emphasis on values and character development, recognizing that a well-rounded individual needs more than just academic knowledge. The curriculum now includes a strong focus on empathy, resilience, and civic responsibility, taught through a variety of classroom activities and community service projects. The Ministry of Education believes that these core values are essential for building a cohesive and caring society. Schools are also encouraged to provide more opportunities for students to engage in meaningful community service, allowing them to apply their values in a real-world setting. This holistic approach to education aims to produce not just high-achieving individuals, but responsible and compassionate citizens who can contribute meaningfully to the well-being of the nation.",ministry_of_education; singaporean_education_system,character_development; values_education; holistic_education; community_service; civic_responsibility,singapore,empathy; resilience; caring; compassion; well_being
"The Singaporean banking industry is at the forefront of the global push for sustainable finance, with major banks actively developing and promoting green financial products. This includes green loans for businesses that meet specific environmental targets and green bonds to fund projects in renewable energy and sustainable infrastructure. The Monetary Authority of Singapore (MAS) has been a key driver of this trend, providing grants and regulatory support to encourage financial institutions to integrate environmental, social, and governance (ESG) factors into their core business operations. This strategic pivot is not just about meeting a global trend; it is about cementing Singapore's role as a leading green finance hub in Asia, attracting a new class of investors who are seeking to align their capital with their values.",monetary_authority_of_singapore; mas; esg,sustainable_finance; green_finance; green_loans; green_bonds; renewable_energy; green_finance_hub,singapore; asia,
"The Singaporean education system is increasingly leveraging technology to provide a more personalized learning experience for students. Schools are adopting adaptive learning platforms that use artificial intelligence to tailor content and pacing to each student's needs, providing targeted support where it is most needed. This allows educators to move beyond a one-size-fits-all approach and focus on higher-level activities like critical thinking and project-based learning. The Ministry of Education is also providing teachers with extensive training on how to effectively integrate technology into their lessons, ensuring that it enhances rather than replaces the role of the educator. This forward-looking approach is a key part of Singapore's Smart Nation initiative, aiming to create a more effective and equitable education system.",ministry_of_education; smart_nation; adaptive_learning; artificial_intelligence,edtech; personalized_learning; education_reform; tech_integration,singapore,forward_looking
"The Monetary Authority of Singapore's (MAS) push for green finance is reshaping the entire financial ecosystem, with a new focus on Environmental, Social, and Governance (ESG) criteria. A key initiative is the launch of the MAS Green Bonds"" program, aimed at encouraging both public and private sector entities to raise capital for projects that support a low-carbon transition. This has spurred a wave of innovation in financial products, including sustainability-linked loans and climate-focused investment funds. Financial institutions are now required to disclose their climate-related risks and opportunities, which enhances transparency and helps investors make more informed decisions. This concerted effort is positioning Singapore as a global leader in sustainable finance, attracting international capital and expertise while helping to address the pressing challenges of climate change across the region.""",monetary_authority_of_singapore; mas; mas_green_bonds; esg,green_finance; sustainable_finance; low_carbon_transition; climate_risk_disclosure; financial_innovation,singapore,concern
"Singapore's university sector is increasingly focused on developing a more flexible and modular approach to higher education, allowing students to customize their degrees to match their career aspirations. This includes the introduction of stackable"" certificates and micro-credentials that can be combined to form a full degree, giving students more control over their learning journey. Universities are also collaborating with industry partners to co-develop specialized courses and capstone projects that address real-world business challenges. This shift is a response to the rapid pace of change in the job market, where a single degree may not be enough to sustain a career for a lifetime. The goal is to create a system of higher education that is more responsive to the needs of the economy and better prepares graduates for a world of continuous learning and career transitions.""",higher_education; stackable_certificates; micro-credentials; industry_partners; job_market,flexible_education; modular_approach; degree_customisation; continuous_learning; career_preparedness,singapore,
"The Singaporean banking industry is leading the way in adopting advanced analytics to enhance risk management and fraud detection. By leveraging big data and machine learning, banks can now analyze vast amounts of transaction data in real-time, identifying suspicious patterns and preventing fraudulent activities before they occur. This proactive approach not only protects consumers but also strengthens the integrity of the financial system as a whole. The Monetary Authority of Singapore (MAS) has been a strong supporter of this trend, providing a secure data-sharing framework that allows financial institutions to collaborate on combating financial crime. This technological advancement is a key part of Singapore's strategy to maintain its reputation as a safe and reliable financial hub in a globalized world.",singaporean_banking; advanced_analytics; risk_management; fraud_detection; big_data; machine_learning; monetary_authority; financial_crime; financial_hub,analytics_adoption; risk_management; fraud_prevention; financial_crime; data_sharing,singapore,safety; reliability
"Singapore's education system is actively promoting a 'learning for life' philosophy, moving beyond formal education to provide citizens with continuous opportunities for skills development. The SkillsFuture initiative is at the heart of this effort, providing all Singaporeans with a credit to offset the cost of courses, encouraging them to take charge of their own learning. This national movement is supported by a network of educational institutions, training providers, and companies that offer a wide range of courses, from technical skills to soft skills like leadership and communication. The government believes that this culture of lifelong learning is essential for building a resilient workforce that can adapt to the rapid changes brought about by automation and digitalization, ensuring that no one is left behind in the future economy.",skillsfuture; singapore_education; government; singaporeans,lifelong_learning; skills_development; resilient_workforce; future_economy,singapore,
"The fintech scene in Singapore is seeing a surge of innovation in the areas of cross-border payments and remittances, driven by a need for more efficient and cost-effective solutions. Companies are leveraging blockchain technology and digital currencies to bypass traditional banking intermediaries, making international money transfers faster and more transparent. The Monetary Authority of Singapore (MAS) has been a key enabler of this trend, with Project Ubin exploring the use of distributed ledger technology for clearing and settlement. This forward-looking approach is cementing Singapore's role as a testbed for new financial technologies, attracting startups and established players from around the world who are looking to revolutionize the way money moves across borders.",mas; project_ubin,fintech_innovation; cross-border_payments; blockchain_technology; remittances; digital_currencies; distributed_ledger_tech,singapore,confidence
"Singapore's universities are re-imagining their role as community hubs, offering a wide range of professional development courses and public lectures to engage the wider society. This initiative is designed to make knowledge more accessible and to foster a culture of intellectual curiosity among the general public. Universities are also partnering with community organizations and government agencies to address pressing social and environmental challenges, from sustainable urban planning to solutions for an aging population. This shift reflects a growing recognition that universities have a responsibility to contribute to the well-being and development of the broader community, moving beyond their traditional roles as centers for teaching and research to become catalysts for positive change.",singapore_universities; community_organizations; government_agencies,university_community_hub; professional_development; community_engagement; knowledge_accessibility; aging_population; sustainable_planning; social_challenges,singapore,positive_change; well_being; curiosity
"The Singaporean government is taking a strong stance on financial literacy, with new initiatives to equip citizens with the knowledge and skills they need to make sound financial decisions. The MoneySENSE program, a collaboration between government agencies and the financial industry, offers a wide range of educational resources, from workshops on budgeting and saving to online tools for retirement planning. The focus is on providing unbiased and actionable advice that is relevant to the needs of different groups, from young adults to seniors. This proactive approach to financial education is crucial for building a more resilient and empowered society, where all citizens have the confidence and capability to manage their finances effectively and secure their financial future.",singaporean_government; moneysense_program; government_agencies; financial_industry,financial_literacy; financial_education; budgeting; saving; retirement_planning; citizen_empowerment,singapore,confidence; empowerment; resilience
"The Singaporean education system is placing a greater emphasis on creativity and innovation through the arts and design curriculum. Schools are now required to integrate arts education into the core curriculum, providing students with opportunities to engage in visual arts, music, and drama. This initiative is designed to foster creative thinking, self-expression, and collaboration. Furthermore, new specialized arts and design schools have been established to provide a more focused pathway for artistically inclined students. The government believes that a strong foundation in the arts is essential for developing a well-rounded individual who can think outside the box and contribute to a more vibrant and innovative society. This holistic approach recognizes that creativity is a key skill for the future economy, and it is nurtured from a young age.",singaporean_education_system; arts_and_design; arts_education; government,creativity; innovation; curriculum_integration; holistic_education; creative_thinking; future_economy,singapore,
"The rise of artificial intelligence (AI) in Singapore's financial sector is reshaping the landscape of consumer banking, with AI-powered chatbots and virtual assistants providing 24/7 customer support and personalized financial advice. Banks are leveraging AI to analyze customer data and offer tailored products, from credit cards to personal loans, at the right time. This technology is not only improving customer experience but also enhancing operational efficiency by automating routine tasks and reducing processing times. The Monetary Authority of Singapore (MAS) is actively encouraging the responsible use of AI in finance, providing guidelines and support to ensure that these technologies are deployed in a fair and transparent manner. This embrace of AI is a key part of Singapore's strategy to maintain its competitive edge as a global financial hub.",ai; mas; consumer_banking; financial_sector,ai_in_finance; customer_experience; ops_efficiency; responsible_ai,singapore,
"The Singaporean education system is making a concerted effort to foster a culture of resilience and mental well-being among students, a crucial aspect of holistic development. New programs and curriculum materials have been introduced to help students understand and manage their emotions, cope with stress, and build strong interpersonal relationships. The Ministry of Education has also increased the number of school counselors and enhanced their training to better support students facing mental health challenges. This proactive and supportive approach recognizes that academic success is inextricably linked to a student's emotional health. The focus is on creating a safe and nurturing school environment where students feel comfortable seeking help and are equipped with the life skills to navigate the complexities of modern life.",ministry_of_education; school_counselors,mental_well-being; education_system; student_resilience; holistic_development; stress_management,singapore,resilience; supportive
"The Singaporean banking sector is spearheading the development of digital identities for consumers, a move that will simplify financial transactions and enhance security. The Monetary Authority of Singapore (MAS) is working with banks and other financial institutions to create a secure, interoperable digital identity framework that will allow consumers to verify their identity seamlessly across different services. This initiative, known as the National Digital Identity (NDI) project, will reduce the need for physical documentation and provide a more secure and efficient way to conduct financial transactions. This framework is a cornerstone of Singapore's Smart Nation initiative, aiming to build a more convenient and secure digital ecosystem for all citizens and businesses, from banking to e-government services.",monetary_authority_of_singapore; mas; national_digital_identity; ndi; smart_nation_initiative; banks,digital_identity; financial_transactions; enhanced_security; digital_ecosystem; identity_verification,singapore,security; convenience; efficiency
"Singapore's universities are increasingly focused on developing interdisciplinary programs that combine technology with the humanities and social sciences. New degrees in fields like 'Digital Humanities' and 'Urban Science' are being offered, which require students to integrate knowledge from multiple disciplines to solve complex real-world problems. This approach reflects the understanding that the most significant challenges of the future will require both technical expertise and a deep understanding of human behavior and societal dynamics. This pedagogical shift encourages students to think critically, collaborate effectively, and apply a broad range of skills to create innovative solutions. It represents a bold move to bridge the gap between STEM and the humanities, creating graduates who are not only technically proficient but also socially and culturally aware.",singapore_universities; digital_humanities; urban_science; stem; humanities; social_sciences,interdisciplinary_programs; pedagogical_shift; holistic_education; future_skills; tech_humanities,singapore,optimism; innovation
"The Singaporean government is pushing to make finance a more accessible and inclusive sector, with new regulations designed to protect vulnerable consumers and promote financial literacy. The Monetary Authority of Singapore (MAS) has introduced guidelines to ensure that financial products are clearly explained and that consumers are not sold products that are unsuitable for their risk profile. Furthermore, there are now national campaigns and educational resources to help citizens, particularly the youth and the elderly, better understand financial concepts like budgeting, saving, and investing. This focus on financial inclusion is crucial for building a more resilient society where all citizens have the knowledge and tools to manage their finances effectively and secure their financial future.",singaporean_government; mas,financial_inclusion; financial_literacy; consumer_protection; regulation,singapore,resilience; security; concern
"Singapore's primary schools are embracing a more flexible and student-centric approach to learning, with the implementation of the Primary Education Review and Implementation (PERI) recommendations. This framework encourages schools to move away from rote learning and toward more hands-on, activity-based lessons that cater to different learning styles. The curriculum now incorporates more playtime and non-academic activities, recognizing the importance of play in a child's development. This shift aims to create a more enjoyable and less stressful learning environment for young students, fostering a love for learning that will last a lifetime. The focus is on nurturing a child's natural curiosity and creativity, providing a strong foundation for their future academic and personal growth.",peri; primary_schools,education_reform; student_centric; holistic_education; play_based_learning; curriculum_change,singapore,enjoyment; stress_reduction; curiosity; creativity
"The Singaporean banking sector is pioneering the use of blockchain technology to streamline cross-border payments, making international transactions faster, cheaper, and more transparent. Several major banks have collaborated with the Monetary Authority of Singapore (MAS) to explore the use of distributed ledger technology (DLT) for cross-border payments, reducing the need for multiple intermediaries and lengthy processing times. This initiative is a response to the growing demand for more efficient international payment solutions, particularly for businesses and individuals operating in the region. The use of blockchain promises to enhance security and reduce the risk of fraud, while also providing a clear audit trail for all transactions. This technological leap is a key part of Singapore's strategy to become a leading hub for regional financial services.",singaporean_banking; monetary_authority; distributed_ledger,blockchain; cross_border_pay; financial_services; fintech; payment_solutions,singapore,
"The Singaporean education system is placing a strong emphasis on digital literacy and critical thinking skills to help students navigate the complexities of the digital age. New curriculum guidelines have been introduced to teach students how to evaluate the credibility of online information, identify fake news, and practice responsible online behavior. These skills are now considered as important as traditional literacy and numeracy. Schools are using a variety of interactive tools and real-world case studies to make these lessons relevant and engaging. The goal is to equip students with the ability to be discerning and responsible digital citizens who can contribute positively to an increasingly interconnected world. This proactive approach ensures that students are not just passive consumers of information but active and critical thinkers.",singaporean_education_system; digital_literacy; critical_thinking; curriculum_guidelines; fake_news; digital_citizens,digital_education; curriculum_update; digital_literacy; critical_thinking; media_literacy,singapore,
"Singapore's insurance sector is evolving to meet the needs of a rapidly aging population, with a growing number of new products tailored to senior citizens. Insurers are introducing flexible health insurance plans, long-term care policies, and retirement annuities that provide a stable income stream for retirees. The use of technology is helping to make these products more accessible and understandable, with digital platforms that offer clear comparisons and easy application processes. The government is also playing a key role, with schemes like the CareShield Life long-term care insurance providing a basic level of protection for all citizens. This collaborative effort between the public and private sectors is crucial for ensuring that all Singaporeans have the financial security they need to age with dignity and peace of mind.",insurance_sector; senior_citizens; careshield_life; singaporeans,aging_population; insurance_products; long_term_care; retirement_annuities; health_insurance; financial_security; digital_platforms,singapore,security; peace_of_mind
"Singapore's universities are actively promoting social entrepreneurship and innovation, encouraging students to develop solutions that address social and environmental challenges. New programs and incubators have been established to support student-led startups with a social mission, providing them with mentorship, funding, and networking opportunities. These initiatives are often interdisciplinary, bringing together students from engineering, business, and social sciences to collaborate on projects ranging from sustainable urban farming to technology for the elderly. This focus on social impact is part of a broader trend in higher education to move beyond purely economic goals and cultivate a generation of leaders who are committed to creating a more equitable and sustainable society. It reflects a growing desire among students to use their skills to make a positive difference in the world.",sg_universities; student_led_startups,social_enterprise; social_innovation; higher_education; startup_support; interdisciplinary,singapore,desire; commitment; positive_difference
"The Monetary Authority of Singapore (MAS) is taking a proactive stance on digital asset regulation, aiming to balance innovation with a need for consumer protection. New guidelines have been issued for digital payment token service providers, clarifying rules on licensing, anti-money laundering controls, and market conduct. This regulatory clarity is attracting more legitimate and well-capitalized players to the Singapore market, solidifying its position as a hub for blockchain and cryptocurrency innovation in a responsible manner. The MAS has also launched Project Ubin, a collaborative effort with the financial industry to explore the use of distributed ledger technology for clearing and settlement of payments and securities. This forward-looking approach ensures that Singapore remains at the forefront of financial technology while mitigating potential risks associated with the nascent digital asset space.",mas; digital_payment_token; project_ubin,asset_regulation; consumer_protection; blockchain_tech; crypto_innovation; financial_technology; distributed_ledger,singapore,caution; risk
"The Singaporean education system is increasingly focused on cultivating a culture of innovation and problem-solving through its science and technology curriculum. Schools are integrating robotics, coding, and artificial intelligence into the classroom, providing students with hands-on experience in these fields. This is part of a broader strategy to prepare students for a knowledge-based economy where technical skills and creative thinking are highly valued. Furthermore, the Ministry of Education is encouraging schools to organize more hackathons and innovation challenges, where students can work in teams to solve real-world problems. This experiential learning approach helps students to develop crucial skills like collaboration, critical thinking, and resilience, which are essential for success in the future workforce.",ministry_of_education; singaporean_education_system,education_system; innovation; problem_solving; science_and_technology; experiential_learning; future_workforce; technical_skills,singapore,
"Singapore's financial sector is making significant strides in cybersecurity, with institutions investing heavily in advanced security measures to protect against increasingly sophisticated cyber threats. The Monetary Authority of Singapore (MAS) has set out stringent security guidelines, including the requirement for all financial institutions to conduct regular vulnerability assessments and penetration testing. This proactive approach ensures that the financial ecosystem is robust and able to withstand a wide range of cyber-attacks, from ransomware to phishing scams. Furthermore, there is a strong emphasis on industry-wide collaboration, with institutions sharing threat intelligence and best practices to stay one step ahead of cybercriminals. This collective effort is crucial for maintaining the trust and confidence that is the cornerstone of Singapore's success as a global financial hub.",monetary_authority_of_singapore; financial_sector,cybersecurity; security_measures; vulnerability_assessment; cyber_attacks; threat_intelligence; industry_collaboration; financial_hub,singapore,trust; confidence
"The Singaporean education system is placing a renewed emphasis on values and character development, recognizing that a well-rounded individual needs more than just academic knowledge. The curriculum now includes a strong focus on empathy, resilience, and civic responsibility, taught through a variety of classroom activities and community service projects. The Ministry of Education believes that these core values are essential for building a cohesive and caring society. Schools are also encouraged to provide more opportunities for students to engage in meaningful community service, allowing them to apply their values in a real-world setting. This holistic approach to education aims to produce not just high-achieving individuals, but responsible and compassionate citizens who can contribute meaningfully to the well-being of the nation.",ministry_of_education,holistic_education; character_development; values_education; community_service; civic_responsibility,singapore,empathy; resilience; compassion
"The Singaporean banking industry is at the forefront of the global push for sustainable finance, with major banks actively developing and promoting green financial products. This includes green loans for businesses that meet specific environmental targets and green bonds to fund projects in renewable energy and sustainable infrastructure. The Monetary Authority of Singapore (MAS) has been a key driver of this trend, providing grants and regulatory support to encourage financial institutions to integrate environmental, social, and governance (ESG) factors into their core business operations. This strategic pivot is not just about meeting a global trend; it is about cementing Singapore's role as a leading green finance hub in Asia, attracting a new class of investors who are seeking to align their capital with their values.",monetary_authority_of_singapore; mas; green_loans; green_bonds; esg_factors,sustainable_finance; green_finance; regulatory_support; green_finance_hub; esg_integration,singapore; asia,
"The Singaporean education system is increasingly leveraging technology to provide a more personalized learning experience for students. Schools are adopting adaptive learning platforms that use artificial intelligence to tailor content and pacing to each student's needs, providing targeted support where it is most needed. This allows educators to move beyond a one-size-fits-all approach and focus on higher-level activities like critical thinking and project-based learning. The Ministry of Education is also providing teachers with extensive training on how to effectively integrate technology into their lessons, ensuring that it enhances rather than replaces the role of the educator. This forward-looking approach is a key part of Singapore's Smart Nation initiative, aiming to create a more effective and equitable education system.",ministry_of_education; smart_nation; artificial_intelligence; adaptive_learning,education_technology; personalized_learning; ai_in_education; teacher_training,singapore,
"The Monetary Authority of Singapore's (MAS) push for green finance is reshaping the entire financial ecosystem, with a new focus on Environmental, Social, and Governance (ESG) criteria. A key initiative is the launch of the MAS Green Bonds"" program, aimed at encouraging both public and private sector entities to raise capital for projects that support a low-carbon transition. This has spurred a wave of innovation in financial products, including sustainability-linked loans and climate-focused investment funds. Financial institutions are now required to disclose their climate-related risks and opportunities, which enhances transparency and helps investors make more informed decisions. This concerted effort is positioning Singapore as a global leader in sustainable finance, attracting international capital and expertise while helping to address the pressing challenges of climate change across the region.""",mas; mas_green_bonds; esg,green_finance; sustainable_finance; mas_policy; low_carbon; risk_disclosure; investment_funds,singapore,concern
"Singapore's university sector is increasingly focused on developing a more flexible and modular approach to higher education, allowing students to customize their degrees to match their career aspirations. This includes the introduction of stackable"" certificates and micro-credentials that can be combined to form a full degree, giving students more control over their learning journey. Universities are also collaborating with industry partners to co-develop specialized courses and capstone projects that address real-world business challenges. This shift is a response to the rapid pace of change in the job market, where a single degree may not be enough to sustain a career for a lifetime. The goal is to create a system of higher education that is more responsive to the needs of the economy and better prepares graduates for a world of continuous learning and career transitions.""",university_sector; stackable_certificates; micro_credentials,higher_education; flexible_learning; modular_education; continuous_learning; industry_collaboration; career_readiness,singapore,
"The Singaporean banking industry is leading the way in adopting advanced analytics to enhance risk management and fraud detection. By leveraging big data and machine learning, banks can now analyze vast amounts of transaction data in real-time, identifying suspicious patterns and preventing fraudulent activities before they occur. This proactive approach not only protects consumers but also strengthens the integrity of the financial system as a whole. The Monetary Authority of Singapore (MAS) has been a strong supporter of this trend, providing a secure data-sharing framework that allows financial institutions to collaborate on combating financial crime. This technological advancement is a key part of Singapore's strategy to maintain its reputation as a safe and reliable financial hub in a globalized world.",monetary_authority_of_singapore; banking_industry; financial_institutions,advanced_analytics; risk_management; fraud_detection; machine_learning; big_data; financial_crime,singapore,confidence; security
"Singapore's education system is actively promoting a 'learning for life' philosophy, moving beyond formal education to provide citizens with continuous opportunities for skills development. The SkillsFuture initiative is at the heart of this effort, providing all Singaporeans with a credit to offset the cost of courses, encouraging them to take charge of their own learning. This national movement is supported by a network of educational institutions, training providers, and companies that offer a wide range of courses, from technical skills to soft skills like leadership and communication. The government believes that this culture of lifelong learning is essential for building a resilient workforce that can adapt to the rapid changes brought about by automation and digitalization, ensuring that no one is left behind in the future economy.",skillsfuture,lifelong_learning; skills_development; resilient_workforce; future_economy,singapore,
"The fintech scene in Singapore is seeing a surge of innovation in the areas of cross-border payments and remittances, driven by a need for more efficient and cost-effective solutions. Companies are leveraging blockchain technology and digital currencies to bypass traditional banking intermediaries, making international money transfers faster and more transparent. The Monetary Authority of Singapore (MAS) has been a key enabler of this trend, with Project Ubin exploring the use of distributed ledger technology for clearing and settlement. This forward-looking approach is cementing Singapore's role as a testbed for new financial technologies, attracting startups and established players from around the world who are looking to revolutionize the way money moves across borders.",monetary_authority_of_singapore; mas; project_ubin; blockchain_technology; digital_currencies; distributed_ledger_technology,fintech_innovation; cross_border_payments; remittances; financial_technologies; clearing_and_settlement,singapore,forward_looking
"Singapore's universities are re-imagining their role as community hubs, offering a wide range of professional development courses and public lectures to engage the wider society. This initiative is designed to make knowledge more accessible and to foster a culture of intellectual curiosity among the general public. Universities are also partnering with community organizations and government agencies to address pressing social and environmental challenges, from sustainable urban planning to solutions for an aging population. This shift reflects a growing recognition that universities have a responsibility to contribute to the well-being and development of the broader community, moving beyond their traditional roles as centers for teaching and research to become catalysts for positive change.",sg_universities; community_groups; government_agencies; aging_population; sustainable_planning,community_hubs; professional_dev; community_engagement; lifelong_learning; social_challenges; university_role,singapore,positive_change; responsibility
"The Singaporean government is taking a strong stance on financial literacy, with new initiatives to equip citizens with the knowledge and skills they need to make sound financial decisions. The MoneySENSE program, a collaboration between government agencies and the financial industry, offers a wide range of educational resources, from workshops on budgeting and saving to online tools for retirement planning. The focus is on providing unbiased and actionable advice that is relevant to the needs of different groups, from young adults to seniors. This proactive approach to financial education is crucial for building a more resilient and empowered society, where all citizens have the confidence and capability to manage their finances effectively and secure their financial future.",singaporean_government; moneysense_program; financial_industry,financial_literacy; financial_education; budgeting; saving; retirement_planning; financial_resilience,singapore,empowerment; confidence; resilience
"The Singaporean education system is placing a greater emphasis on creativity and innovation through the arts and design curriculum. Schools are now required to integrate arts education into the core curriculum, providing students with opportunities to engage in visual arts, music, and drama. This initiative is designed to foster creative thinking, self-expression, and collaboration. Furthermore, new specialized arts and design schools have been established to provide a more focused pathway for artistically inclined students. The government believes that a strong foundation in the arts is essential for developing a well-rounded individual who can think outside the box and contribute to a more vibrant and innovative society. This holistic approach recognizes that creativity is a key skill for the future economy, and it is nurtured from a young age.",education_system; arts_design_schools; government,arts_education; creativity; innovation; holistic_approach; curriculum,singapore,
"The rise of artificial intelligence (AI) in Singapore's financial sector is reshaping the landscape of consumer banking, with AI-powered chatbots and virtual assistants providing 24/7 customer support and personalized financial advice. Banks are leveraging AI to analyze customer data and offer tailored products, from credit cards to personal loans, at the right time. This technology is not only improving customer experience but also enhancing operational efficiency by automating routine tasks and reducing processing times. The Monetary Authority of Singapore (MAS) is actively encouraging the responsible use of AI in finance, providing guidelines and support to ensure that these technologies are deployed in a fair and transparent manner. This embrace of AI is a key part of Singapore's strategy to maintain its competitive edge as a global financial hub.",artificial_intelligence; consumer_banking; monetary_authority; mas; financial_sector,ai_in_finance; customer_experience; operational_efficiency; responsible_ai; financial_hub,singapore,embrace
"The Singaporean education system is making a concerted effort to foster a culture of resilience and mental well-being among students, a crucial aspect of holistic development. New programs and curriculum materials have been introduced to help students understand and manage their emotions, cope with stress, and build strong interpersonal relationships. The Ministry of Education has also increased the number of school counselors and enhanced their training to better support students facing mental health challenges. This proactive and supportive approach recognizes that academic success is inextricably linked to a student's emotional health. The focus is on creating a safe and nurturing school environment where students feel comfortable seeking help and are equipped with the life skills to navigate the complexities of modern life.",ministry_of_education; singaporean_education_system; school_counselors,mental_health; student_support; resilience; holistic_education; stress_management,singapore,stress
"The Singaporean banking sector is spearheading the development of digital identities for consumers, a move that will simplify financial transactions and enhance security. The Monetary Authority of Singapore (MAS) is working with banks and other financial institutions to create a secure, interoperable digital identity framework that will allow consumers to verify their identity seamlessly across different services. This initiative, known as the National Digital Identity (NDI) project, will reduce the need for physical documentation and provide a more secure and efficient way to conduct financial transactions. This framework is a cornerstone of Singapore's Smart Nation initiative, aiming to build a more convenient and secure digital ecosystem for all citizens and businesses, from banking to e-government services.",monetary_authority_of_singapore; mas; national_digital_identity; ndi; smart_nation,digital_identity; banking_sector; financial_transactions; security; identity_verification; digital_ecosystem,singapore,
"Singapore's universities are increasingly focused on developing interdisciplinary programs that combine technology with the humanities and social sciences. New degrees in fields like 'Digital Humanities' and 'Urban Science' are being offered, which require students to integrate knowledge from multiple disciplines to solve complex real-world problems. This approach reflects the understanding that the most significant challenges of the future will require both technical expertise and a deep understanding of human behavior and societal dynamics. This pedagogical shift encourages students to think critically, collaborate effectively, and apply a broad range of skills to create innovative solutions. It represents a bold move to bridge the gap between STEM and the humanities, creating graduates who are not only technically proficient but also socially and culturally aware.",singapore_universities; digital_humanities; urban_science; stem,interdisciplinary_programs; education_evolution; pedagogical_shift; tech_humanities_integration,singapore,ambition
"The Singaporean government is pushing to make finance a more accessible and inclusive sector, with new regulations designed to protect vulnerable consumers and promote financial literacy. The Monetary Authority of Singapore (MAS) has introduced guidelines to ensure that financial products are clearly explained and that consumers are not sold products that are unsuitable for their risk profile. Furthermore, there are now national campaigns and educational resources to help citizens, particularly the youth and the elderly, better understand financial concepts like budgeting, saving, and investing. This focus on financial inclusion is crucial for building a more resilient society where all citizens have the knowledge and tools to manage their finances effectively and secure their financial future.",singaporean_government; monetary_authority_of_singapore; mas,financial_inclusion; financial_literacy; consumer_protection; new_regulations; vulnerable_consumers,singapore,protection; resilience
"Singapore's primary schools are embracing a more flexible and student-centric approach to learning, with the implementation of the Primary Education Review and Implementation (PERI) recommendations. This framework encourages schools to move away from rote learning and toward more hands-on, activity-based lessons that cater to different learning styles. The curriculum now incorporates more playtime and non-academic activities, recognizing the importance of play in a child's development. This shift aims to create a more enjoyable and less stressful learning environment for young students, fostering a love for learning that will last a lifetime. The focus is on nurturing a child's natural curiosity and creativity, providing a strong foundation for their future academic and personal growth.",primary_education_review; primary_schools,education_reform; student_centric; activity_based_learning; child_development; rote_learning,singapore,enjoyment; stress_reduction
"The Singaporean banking sector is pioneering the use of blockchain technology to streamline cross-border payments, making international transactions faster, cheaper, and more transparent. Several major banks have collaborated with the Monetary Authority of Singapore (MAS) to explore the use of distributed ledger technology (DLT) for cross-border payments, reducing the need for multiple intermediaries and lengthy processing times. This initiative is a response to the growing demand for more efficient international payment solutions, particularly for businesses and individuals operating in the region. The use of blockchain promises to enhance security and reduce the risk of fraud, while also providing a clear audit trail for all transactions. This technological leap is a key part of Singapore's strategy to become a leading hub for regional financial services.",monetary_authority_of_singapore; distributed_ledger_technology,cross-border_payments; blockchain_technology; payment_efficiency; financial_hub,singapore,
"The Singaporean education system is placing a strong emphasis on digital literacy and critical thinking skills to help students navigate the complexities of the digital age. New curriculum guidelines have been introduced to teach students how to evaluate the credibility of online information, identify fake news, and practice responsible online behavior. These skills are now considered as important as traditional literacy and numeracy. Schools are using a variety of interactive tools and real-world case studies to make these lessons relevant and engaging. The goal is to equip students with the ability to be discerning and responsible digital citizens who can contribute positively to an increasingly interconnected world. This proactive approach ensures that students are not just passive consumers of information but active and critical thinkers.",singaporean_education_system; digital_literacy; critical_thinking; fake_news; digital_citizens,education_system; curriculum_change; digital_education; information_literacy; student_development,singapore,
"Singapore's insurance sector is evolving to meet the needs of a rapidly aging population, with a growing number of new products tailored to senior citizens. Insurers are introducing flexible health insurance plans, long-term care policies, and retirement annuities that provide a stable income stream for retirees. The use of technology is helping to make these products more accessible and understandable, with digital platforms that offer clear comparisons and easy application processes. The government is also playing a key role, with schemes like the CareShield Life long-term care insurance providing a basic level of protection for all citizens. This collaborative effort between the public and private sectors is crucial for ensuring that all Singaporeans have the financial security they need to age with dignity and peace of mind.",careshield_life; singaporeans,aging_population; insurance_products; long_term_care; retirement_annuities; financial_security; digital_platforms,singapore,dignity; peace_of_mind
"Singapore's universities are actively promoting social entrepreneurship and innovation, encouraging students to develop solutions that address social and environmental challenges. New programs and incubators have been established to support student-led startups with a social mission, providing them with mentorship, funding, and networking opportunities. These initiatives are often interdisciplinary, bringing together students from engineering, business, and social sciences to collaborate on projects ranging from sustainable urban farming to technology for the elderly. This focus on social impact is part of a broader trend in higher education to move beyond purely economic goals and cultivate a generation of leaders who are committed to creating a more equitable and sustainable society. It reflects a growing desire among students to use their skills to make a positive difference in the world.",singapore_universities,social_entrepreneurship; innovation; student_startups; social_mission; higher_education; social_impact,singapore,commitment; desire
"The Monetary Authority of Singapore (MAS) is taking a proactive stance on digital asset regulation, aiming to balance innovation with a need for consumer protection. New guidelines have been issued for digital payment token service providers, clarifying rules on licensing, anti-money laundering controls, and market conduct. This regulatory clarity is attracting more legitimate and well-capitalized players to the Singapore market, solidifying its position as a hub for blockchain and cryptocurrency innovation in a responsible manner. The MAS has also launched Project Ubin, a collaborative effort with the financial industry to explore the use of distributed ledger technology for clearing and settlement of payments and securities. This forward-looking approach ensures that Singapore remains at the forefront of financial technology while mitigating potential risks associated with the nascent digital asset space.",mas; digital_payment_token; project_ubin; distributed_ledger_tech,digital_asset_regulation; consumer_protection; innovation; licensing_rules; blockchain_hub; financial_technology,singapore,responsibility; clarity; confidence
"The Singaporean education system is increasingly focused on cultivating a culture of innovation and problem-solving through its science and technology curriculum. Schools are integrating robotics, coding, and artificial intelligence into the classroom, providing students with hands-on experience in these fields. This is part of a broader strategy to prepare students for a knowledge-based economy where technical skills and creative thinking are highly valued. Furthermore, the Ministry of Education is encouraging schools to organize more hackathons and innovation challenges, where students can work in teams to solve real-world problems. This experiential learning approach helps students to develop crucial skills like collaboration, critical thinking, and resilience, which are essential for success in the future workforce.",ministry_of_education; singaporean_education_system,innovation; problem_solving; science_technology; experiential_learning; skill_development; future_workforce; knowledge_based_economy,singapore,
"Singapore's financial sector is making significant strides in cybersecurity, with institutions investing heavily in advanced security measures to protect against increasingly sophisticated cyber threats. The Monetary Authority of Singapore (MAS) has set out stringent security guidelines, including the requirement for all financial institutions to conduct regular vulnerability assessments and penetration testing. This proactive approach ensures that the financial ecosystem is robust and able to withstand a wide range of cyber-attacks, from ransomware to phishing scams. Furthermore, there is a strong emphasis on industry-wide collaboration, with institutions sharing threat intelligence and best practices to stay one step ahead of cybercriminals. This collective effort is crucial for maintaining the trust and confidence that is the cornerstone of Singapore's success as a global financial hub.",monetary_authority_of_singapore; mas; financial_sector; financial_institutions,cybersecurity; security_guidelines; industry_collaboration; threat_intelligence; vulnerability_assessment,singapore,trust; confidence
"The Singaporean education system is placing a renewed emphasis on values and character development, recognizing that a well-rounded individual needs more than just academic knowledge. The curriculum now includes a strong focus on empathy, resilience, and civic responsibility, taught through a variety of classroom activities and community service projects. The Ministry of Education believes that these core values are essential for building a cohesive and caring society. Schools are also encouraged to provide more opportunities for students to engage in meaningful community service, allowing them to apply their values in a real-world setting. This holistic approach to education aims to produce not just high-achieving individuals, but responsible and compassionate citizens who can contribute meaningfully to the well-being of the nation.",ministry_of_education; singaporean_education_system,character_development; values_education; holistic_education; community_service; civic_responsibility,singapore,compassion; caring
"The Singaporean banking industry is at the forefront of the global push for sustainable finance, with major banks actively developing and promoting green financial products. This includes green loans for businesses that meet specific environmental targets and green bonds to fund projects in renewable energy and sustainable infrastructure. The Monetary Authority of Singapore (MAS) has been a key driver of this trend, providing grants and regulatory support to encourage financial institutions to integrate environmental, social, and governance (ESG) factors into their core business operations. This strategic pivot is not just about meeting a global trend; it is about cementing Singapore's role as a leading green finance hub in Asia, attracting a new class of investors who are seeking to align their capital with their values.",monetary_authority_of_singapore; mas,sustainable_finance; green_finance; green_loans; green_bonds; esg; green_finance_hub; regulatory_support,singapore; asia,
"The Singaporean education system is increasingly leveraging technology to provide a more personalized learning experience for students. Schools are adopting adaptive learning platforms that use artificial intelligence to tailor content and pacing to each student's needs, providing targeted support where it is most needed. This allows educators to move beyond a one-size-fits-all approach and focus on higher-level activities like critical thinking and project-based learning. The Ministry of Education is also providing teachers with extensive training on how to effectively integrate technology into their lessons, ensuring that it enhances rather than replaces the role of the educator. This forward-looking approach is a key part of Singapore's Smart Nation initiative, aiming to create a more effective and equitable education system.",ministry_of_education; smart_nation,educational_technology; personalized_learning; adaptive_learning; artificial_intelligence; teacher_training; education_system,singapore,
"The Monetary Authority of Singapore's (MAS) push for green finance is reshaping the entire financial ecosystem, with a new focus on Environmental, Social, and Governance (ESG) criteria. A key initiative is the launch of the MAS Green Bonds"" program, aimed at encouraging both public and private sector entities to raise capital for projects that support a low-carbon transition. This has spurred a wave of innovation in financial products, including sustainability-linked loans and climate-focused investment funds. Financial institutions are now required to disclose their climate-related risks and opportunities, which enhances transparency and helps investors make more informed decisions. This concerted effort is positioning Singapore as a global leader in sustainable finance, attracting international capital and expertise while helping to address the pressing challenges of climate change across the region.""",monetary_authority_of_singapore; mas_green_bonds; esg,green_finance; sustainable_finance; esg_investment; low_carbon_transition; climate_risk_disclosure,singapore,concern
"Singapore's university sector is increasingly focused on developing a more flexible and modular approach to higher education, allowing students to customize their degrees to match their career aspirations. This includes the introduction of stackable"" certificates and micro-credentials that can be combined to form a full degree, giving students more control over their learning journey. Universities are also collaborating with industry partners to co-develop specialized courses and capstone projects that address real-world business challenges. This shift is a response to the rapid pace of change in the job market, where a single degree may not be enough to sustain a career for a lifetime. The goal is to create a system of higher education that is more responsive to the needs of the economy and better prepares graduates for a world of continuous learning and career transitions.""",singapore_university; stackable_certificates; micro_credentials; industry_partners,higher_education; flexible_learning; continuous_learning; career_development; industry_collaboration; job_market,singapore,
"The Singaporean banking industry is leading the way in adopting advanced analytics to enhance risk management and fraud detection. By leveraging big data and machine learning, banks can now analyze vast amounts of transaction data in real-time, identifying suspicious patterns and preventing fraudulent activities before they occur. This proactive approach not only protects consumers but also strengthens the integrity of the financial system as a whole. The Monetary Authority of Singapore (MAS) has been a strong supporter of this trend, providing a secure data-sharing framework that allows financial institutions to collaborate on combating financial crime. This technological advancement is a key part of Singapore's strategy to maintain its reputation as a safe and reliable financial hub in a globalized world.",mas; banking_industry; financial_institutions,advanced_analytics; fraud_detection; risk_management; big_data; machine_learning; financial_crime,singapore,security; reliability
"Singapore's education system is actively promoting a 'learning for life' philosophy, moving beyond formal education to provide citizens with continuous opportunities for skills development. The SkillsFuture initiative is at the heart of this effort, providing all Singaporeans with a credit to offset the cost of courses, encouraging them to take charge of their own learning. This national movement is supported by a network of educational institutions, training providers, and companies that offer a wide range of courses, from technical skills to soft skills like leadership and communication. The government believes that this culture of lifelong learning is essential for building a resilient workforce that can adapt to the rapid changes brought about by automation and digitalization, ensuring that no one is left behind in the future economy.",skillsfuture,lifelong_learning; skills_development; resilient_workforce; future_economy; upskilling,singapore,
"The fintech scene in Singapore is seeing a surge of innovation in the areas of cross-border payments and remittances, driven by a need for more efficient and cost-effective solutions. Companies are leveraging blockchain technology and digital currencies to bypass traditional banking intermediaries, making international money transfers faster and more transparent. The Monetary Authority of Singapore (MAS) has been a key enabler of this trend, with Project Ubin exploring the use of distributed ledger technology for clearing and settlement. This forward-looking approach is cementing Singapore's role as a testbed for new financial technologies, attracting startups and established players from around the world who are looking to revolutionize the way money moves across borders.",monetary_authority_of_singapore; mas; project_ubin,fintech; cross-border_payments; remittances; blockchain_technology; digital_currencies; financial_technology,singapore,
"Singapore's universities are re-imagining their role as community hubs, offering a wide range of professional development courses and public lectures to engage the wider society. This initiative is designed to make knowledge more accessible and to foster a culture of intellectual curiosity among the general public. Universities are also partnering with community organizations and government agencies to address pressing social and environmental challenges, from sustainable urban planning to solutions for an aging population. This shift reflects a growing recognition that universities have a responsibility to contribute to the well-being and development of the broader community, moving beyond their traditional roles as centers for teaching and research to become catalysts for positive change.",singapore_universities; community_organizations; government_agencies,university_role_shift; community_hubs; professional_development; aging_population; sustainable_planning; community_wellbeing,singapore,responsibility; curiosity
"The Singaporean government is taking a strong stance on financial literacy, with new initiatives to equip citizens with the knowledge and skills they need to make sound financial decisions. The MoneySENSE program, a collaboration between government agencies and the financial industry, offers a wide range of educational resources, from workshops on budgeting and saving to online tools for retirement planning. The focus is on providing unbiased and actionable advice that is relevant to the needs of different groups, from young adults to seniors. This proactive approach to financial education is crucial for building a more resilient and empowered society, where all citizens have the confidence and capability to manage their finances effectively and secure their financial future.",singaporean_government; moneysense_program; government_agencies; financial_industry,financial_literacy; financial_education; citizen_empowerment; retirement_planning; budgeting; saving,singapore,confidence; empowerment; resilience
"The Singaporean education system is placing a greater emphasis on creativity and innovation through the arts and design curriculum. Schools are now required to integrate arts education into the core curriculum, providing students with opportunities to engage in visual arts, music, and drama. This initiative is designed to foster creative thinking, self-expression, and collaboration. Furthermore, new specialized arts and design schools have been established to provide a more focused pathway for artistically inclined students. The government believes that a strong foundation in the arts is essential for developing a well-rounded individual who can think outside the box and contribute to a more vibrant and innovative society. This holistic approach recognizes that creativity is a key skill for the future economy, and it is nurtured from a young age.",education_system; arts_and_design; arts_schools; government,arts_education; creativity; innovation; curriculum_change; holistic_education; skill_development,singapore,optimism
"The rise of artificial intelligence (AI) in Singapore's financial sector is reshaping the landscape of consumer banking, with AI-powered chatbots and virtual assistants providing 24/7 customer support and personalized financial advice. Banks are leveraging AI to analyze customer data and offer tailored products, from credit cards to personal loans, at the right time. This technology is not only improving customer experience but also enhancing operational efficiency by automating routine tasks and reducing processing times. The Monetary Authority of Singapore (MAS) is actively encouraging the responsible use of AI in finance, providing guidelines and support to ensure that these technologies are deployed in a fair and transparent manner. This embrace of AI is a key part of Singapore's strategy to maintain its competitive edge as a global financial hub.",artificial_intelligence; singapore; financial_sector; consumer_banking; monetary_authority_of_singapore; global_financial_hub,ai_in_finance; customer_experience; operational_efficiency; responsible_ai; financial_advice; competitive_edge,singapore,encouragement; support
"The Singaporean education system is making a concerted effort to foster a culture of resilience and mental well-being among students, a crucial aspect of holistic development. New programs and curriculum materials have been introduced to help students understand and manage their emotions, cope with stress, and build strong interpersonal relationships. The Ministry of Education has also increased the number of school counselors and enhanced their training to better support students facing mental health challenges. This proactive and supportive approach recognizes that academic success is inextricably linked to a student's emotional health. The focus is on creating a safe and nurturing school environment where students feel comfortable seeking help and are equipped with the life skills to navigate the complexities of modern life.",ministry_of_education; education_system; school_counselors,mental_wellbeing; resilience; student_support; holistic_development; life_skills,singapore,supportive; concern
"The Singaporean banking sector is spearheading the development of digital identities for consumers, a move that will simplify financial transactions and enhance security. The Monetary Authority of Singapore (MAS) is working with banks and other financial institutions to create a secure, interoperable digital identity framework that will allow consumers to verify their identity seamlessly across different services. This initiative, known as the National Digital Identity (NDI) project, will reduce the need for physical documentation and provide a more secure and efficient way to conduct financial transactions. This framework is a cornerstone of Singapore's Smart Nation initiative, aiming to build a more convenient and secure digital ecosystem for all citizens and businesses, from banking to e-government services.",mas; national_digital_identity; smart_nation; banking_sector,digital_identity; financial_services; security; digital_ecosystem,singapore,
"Singapore's universities are increasingly focused on developing interdisciplinary programs that combine technology with the humanities and social sciences. New degrees in fields like 'Digital Humanities' and 'Urban Science' are being offered, which require students to integrate knowledge from multiple disciplines to solve complex real-world problems. This approach reflects the understanding that the most significant challenges of the future will require both technical expertise and a deep understanding of human behavior and societal dynamics. This pedagogical shift encourages students to think critically, collaborate effectively, and apply a broad range of skills to create innovative solutions. It represents a bold move to bridge the gap between STEM and the humanities, creating graduates who are not only technically proficient but also socially and culturally aware.",singapore_universities; digital_humanities; urban_science; stem; humanities; social_sciences,interdisciplinary_programs; education_curriculum; pedagogical_shift; stem_humanities_integration; skill_development; innovative_solutions,singapore,ambition; innovation
"The Singaporean government is pushing to make finance a more accessible and inclusive sector, with new regulations designed to protect vulnerable consumers and promote financial literacy. The Monetary Authority of Singapore (MAS) has introduced guidelines to ensure that financial products are clearly explained and that consumers are not sold products that are unsuitable for their risk profile. Furthermore, there are now national campaigns and educational resources to help citizens, particularly the youth and the elderly, better understand financial concepts like budgeting, saving, and investing. This focus on financial inclusion is crucial for building a more resilient society where all citizens have the knowledge and tools to manage their finances effectively and secure their financial future.",singaporean_government; monetary_authority_of_singapore; mas,financial_inclusion; consumer_protection; financial_literacy; financial_regulation; personal_finance,singapore,resilience; security
"Singapore's primary schools are embracing a more flexible and student-centric approach to learning, with the implementation of the Primary Education Review and Implementation (PERI) recommendations. This framework encourages schools to move away from rote learning and toward more hands-on, activity-based lessons that cater to different learning styles. The curriculum now incorporates more playtime and non-academic activities, recognizing the importance of play in a child's development. This shift aims to create a more enjoyable and less stressful learning environment for young students, fostering a love for learning that will last a lifetime. The focus is on nurturing a child's natural curiosity and creativity, providing a strong foundation for their future academic and personal growth.",primary_education_review; primary_schools,education_reform; student_centric_learning; play_based_learning; holistic_education,singapore,optimism; positive_sentiment
"The Singaporean banking sector is pioneering the use of blockchain technology to streamline cross-border payments, making international transactions faster, cheaper, and more transparent. Several major banks have collaborated with the Monetary Authority of Singapore (MAS) to explore the use of distributed ledger technology (DLT) for cross-border payments, reducing the need for multiple intermediaries and lengthy processing times. This initiative is a response to the growing demand for more efficient international payment solutions, particularly for businesses and individuals operating in the region. The use of blockchain promises to enhance security and reduce the risk of fraud, while also providing a clear audit trail for all transactions. This technological leap is a key part of Singapore's strategy to become a leading hub for regional financial services.",monetary_authority_of_singapore; mas; distributed_ledger_technology; dlt,blockchain; cross_border_payment; payment_efficiency; financial_hub; enhanced_security,singapore,
"The Singaporean education system is placing a strong emphasis on digital literacy and critical thinking skills to help students navigate the complexities of the digital age. New curriculum guidelines have been introduced to teach students how to evaluate the credibility of online information, identify fake news, and practice responsible online behavior. These skills are now considered as important as traditional literacy and numeracy. Schools are using a variety of interactive tools and real-world case studies to make these lessons relevant and engaging. The goal is to equip students with the ability to be discerning and responsible digital citizens who can contribute positively to an increasingly interconnected world. This proactive approach ensures that students are not just passive consumers of information but active and critical thinkers.",singaporean_education_system; digital_literacy; critical_thinking; fake_news; digital_citizens,education_reform; digital_literacy; media_literacy; critical_thinking_skills,singapore,
"Singapore's insurance sector is evolving to meet the needs of a rapidly aging population, with a growing number of new products tailored to senior citizens. Insurers are introducing flexible health insurance plans, long-term care policies, and retirement annuities that provide a stable income stream for retirees. The use of technology is helping to make these products more accessible and understandable, with digital platforms that offer clear comparisons and easy application processes. The government is also playing a key role, with schemes like the CareShield Life long-term care insurance providing a basic level of protection for all citizens. This collaborative effort between the public and private sectors is crucial for ensuring that all Singaporeans have the financial security they need to age with dignity and peace of mind.",insurance_sector; senior_citizens; health_insurance; long-term_care; retirement_annuities; careshield_life; digital_platforms,aging_population; financial_security; retirement_planning; insurance_products; public_private_partnership,singapore,peace_of_mind; dignity; security
"Singapore's universities are actively promoting social entrepreneurship and innovation, encouraging students to develop solutions that address social and environmental challenges. New programs and incubators have been established to support student-led startups with a social mission, providing them with mentorship, funding, and networking opportunities. These initiatives are often interdisciplinary, bringing together students from engineering, business, and social sciences to collaborate on projects ranging from sustainable urban farming to technology for the elderly. This focus on social impact is part of a broader trend in higher education to move beyond purely economic goals and cultivate a generation of leaders who are committed to creating a more equitable and sustainable society. It reflects a growing desire among students to use their skills to make a positive difference in the world.",singapore_universities,social_entrepreneurship; innovation; higher_education; social_impact; student_startups,singapore,commitment; positive_impact
"The Monetary Authority of Singapore (MAS) is taking a proactive stance on digital asset regulation, aiming to balance innovation with a need for consumer protection. New guidelines have been issued for digital payment token service providers, clarifying rules on licensing, anti-money laundering controls, and market conduct. This regulatory clarity is attracting more legitimate and well-capitalized players to the Singapore market, solidifying its position as a hub for blockchain and cryptocurrency innovation in a responsible manner. The MAS has also launched Project Ubin, a collaborative effort with the financial industry to explore the use of distributed ledger technology for clearing and settlement of payments and securities. This forward-looking approach ensures that Singapore remains at the forefront of financial technology while mitigating potential risks associated with the nascent digital asset space.",monetary_authority_of_singapore; mas; digital_payment_token; project_ubin; distributed_ledger_technology,digital_asset_regulation; consumer_protection; regulatory_clarity; blockchain; cryptocurrency; financial_innovation; fintech_hub,singapore,proactive; responsible
"The Singaporean education system is increasingly focused on cultivating a culture of innovation and problem-solving through its science and technology curriculum. Schools are integrating robotics, coding, and artificial intelligence into the classroom, providing students with hands-on experience in these fields. This is part of a broader strategy to prepare students for a knowledge-based economy where technical skills and creative thinking are highly valued. Furthermore, the Ministry of Education is encouraging schools to organize more hackathons and innovation challenges, where students can work in teams to solve real-world problems. This experiential learning approach helps students to develop crucial skills like collaboration, critical thinking, and resilience, which are essential for success in the future workforce.",ministry_of_education; singaporean_education,stem_education; innovation; problem_solving; experiential_learning; ai_education; future_workforce; knowledge_economy,singapore,
"Singapore's financial sector is making significant strides in cybersecurity, with institutions investing heavily in advanced security measures to protect against increasingly sophisticated cyber threats. The Monetary Authority of Singapore (MAS) has set out stringent security guidelines, including the requirement for all financial institutions to conduct regular vulnerability assessments and penetration testing. This proactive approach ensures that the financial ecosystem is robust and able to withstand a wide range of cyber-attacks, from ransomware to phishing scams. Furthermore, there is a strong emphasis on industry-wide collaboration, with institutions sharing threat intelligence and best practices to stay one step ahead of cybercriminals. This collective effort is crucial for maintaining the trust and confidence that is the cornerstone of Singapore's success as a global financial hub.",monetary_authority_of_singapore; financial_sector,cybersecurity; regulation; industry_collaboration; cyber_threats; security_measures,singapore,trust; confidence
"The Singaporean education system is placing a renewed emphasis on values and character development, recognizing that a well-rounded individual needs more than just academic knowledge. The curriculum now includes a strong focus on empathy, resilience, and civic responsibility, taught through a variety of classroom activities and community service projects. The Ministry of Education believes that these core values are essential for building a cohesive and caring society. Schools are also encouraged to provide more opportunities for students to engage in meaningful community service, allowing them to apply their values in a real-world setting. This holistic approach to education aims to produce not just high-achieving individuals, but responsible and compassionate citizens who can contribute meaningfully to the well-being of the nation.",ministry_of_education,education_system; character_development; values_education; holistic_education; community_service,singapore,empathy; resilience; compassion; caring
"The Singaporean banking industry is at the forefront of the global push for sustainable finance, with major banks actively developing and promoting green financial products. This includes green loans for businesses that meet specific environmental targets and green bonds to fund projects in renewable energy and sustainable infrastructure. The Monetary Authority of Singapore (MAS) has been a key driver of this trend, providing grants and regulatory support to encourage financial institutions to integrate environmental, social, and governance (ESG) factors into their core business operations. This strategic pivot is not just about meeting a global trend; it is about cementing Singapore's role as a leading green finance hub in Asia, attracting a new class of investors who are seeking to align their capital with their values.",monetary_authority; esg; banking_industry,sustainable_finance; green_finance_hub; green_loans; green_bonds; regulatory_support,singapore; asia,
"The Singaporean education system is increasingly leveraging technology to provide a more personalized learning experience for students. Schools are adopting adaptive learning platforms that use artificial intelligence to tailor content and pacing to each student's needs, providing targeted support where it is most needed. This allows educators to move beyond a one-size-fits-all approach and focus on higher-level activities like critical thinking and project-based learning. The Ministry of Education is also providing teachers with extensive training on how to effectively integrate technology into their lessons, ensuring that it enhances rather than replaces the role of the educator. This forward-looking approach is a key part of Singapore's Smart Nation initiative, aiming to create a more effective and equitable education system.",ministry_of_education; smart_nation_initiative; artificial_intelligence; adaptive_learning,edtech; personalized_learning; ai_in_education; teacher_training; education_system,singapore,
"The Monetary Authority of Singapore's (MAS) push for green finance is reshaping the entire financial ecosystem, with a new focus on Environmental, Social, and Governance (ESG) criteria. A key initiative is the launch of the MAS Green Bonds"" program, aimed at encouraging both public and private sector entities to raise capital for projects that support a low-carbon transition. This has spurred a wave of innovation in financial products, including sustainability-linked loans and climate-focused investment funds. Financial institutions are now required to disclose their climate-related risks and opportunities, which enhances transparency and helps investors make more informed decisions. This concerted effort is positioning Singapore as a global leader in sustainable finance, attracting international capital and expertise while helping to address the pressing challenges of climate change across the region.""",monetary_authority_of_singapore; mas; esg; mas_green_bonds,green_finance; sustainable_finance; low_carbon_transition; financial_innovation; climate_risk,singapore,concern
"Singapore's university sector is increasingly focused on developing a more flexible and modular approach to higher education, allowing students to customize their degrees to match their career aspirations. This includes the introduction of stackable"" certificates and micro-credentials that can be combined to form a full degree, giving students more control over their learning journey. Universities are also collaborating with industry partners to co-develop specialized courses and capstone projects that address real-world business challenges. This shift is a response to the rapid pace of change in the job market, where a single degree may not be enough to sustain a career for a lifetime. The goal is to create a system of higher education that is more responsive to the needs of the economy and better prepares graduates for a world of continuous learning and career transitions.""",university_sector; stackable_certificates; micro_credentials; industry_partners; capstone_projects,higher_education; flexible_education; modular_learning; continuous_learning; career_transitions; industry_collaboration,singapore,
"The Singaporean banking industry is leading the way in adopting advanced analytics to enhance risk management and fraud detection. By leveraging big data and machine learning, banks can now analyze vast amounts of transaction data in real-time, identifying suspicious patterns and preventing fraudulent activities before they occur. This proactive approach not only protects consumers but also strengthens the integrity of the financial system as a whole. The Monetary Authority of Singapore (MAS) has been a strong supporter of this trend, providing a secure data-sharing framework that allows financial institutions to collaborate on combating financial crime. This technological advancement is a key part of Singapore's strategy to maintain its reputation as a safe and reliable financial hub in a globalized world.",mas; banking_industry,advanced_analytics; risk_management; fraud_detection; machine_learning; financial_crime; data_sharing,singapore,safety; confidence
"Singapore's education system is actively promoting a 'learning for life' philosophy, moving beyond formal education to provide citizens with continuous opportunities for skills development. The SkillsFuture initiative is at the heart of this effort, providing all Singaporeans with a credit to offset the cost of courses, encouraging them to take charge of their own learning. This national movement is supported by a network of educational institutions, training providers, and companies that offer a wide range of courses, from technical skills to soft skills like leadership and communication. The government believes that this culture of lifelong learning is essential for building a resilient workforce that can adapt to the rapid changes brought about by automation and digitalization, ensuring that no one is left behind in the future economy.",skillsfuture_initiative; singaporeans,lifelong_learning; skills_development; workforce_resilience; future_economy; automation; digitalization,singapore,preparedness; inclusivity
"The fintech scene in Singapore is seeing a surge of innovation in the areas of cross-border payments and remittances, driven by a need for more efficient and cost-effective solutions. Companies are leveraging blockchain technology and digital currencies to bypass traditional banking intermediaries, making international money transfers faster and more transparent. The Monetary Authority of Singapore (MAS) has been a key enabler of this trend, with Project Ubin exploring the use of distributed ledger technology for clearing and settlement. This forward-looking approach is cementing Singapore's role as a testbed for new financial technologies, attracting startups and established players from around the world who are looking to revolutionize the way money moves across borders.",monetary_authority_of_singapore; mas; project_ubin,fintech_innovation; cross-border_payments; remittances; blockchain_technology; digital_currencies; distributed_ledger,singapore,
"Singapore's universities are re-imagining their role as community hubs, offering a wide range of professional development courses and public lectures to engage the wider society. This initiative is designed to make knowledge more accessible and to foster a culture of intellectual curiosity among the general public. Universities are also partnering with community organizations and government agencies to address pressing social and environmental challenges, from sustainable urban planning to solutions for an aging population. This shift reflects a growing recognition that universities have a responsibility to contribute to the well-being and development of the broader community, moving beyond their traditional roles as centers for teaching and research to become catalysts for positive change.",singapore_universities; sustainable_urban_planning; aging_population; government_agencies,community_engagement; university_role_shift; lifelong_learning; social_responsibility,singapore,positive_change; wellbeing; curiosity
"The Singaporean government is taking a strong stance on financial literacy, with new initiatives to equip citizens with the knowledge and skills they need to make sound financial decisions. The MoneySENSE program, a collaboration between government agencies and the financial industry, offers a wide range of educational resources, from workshops on budgeting and saving to online tools for retirement planning. The focus is on providing unbiased and actionable advice that is relevant to the needs of different groups, from young adults to seniors. This proactive approach to financial education is crucial for building a more resilient and empowered society, where all citizens have the confidence and capability to manage their finances effectively and secure their financial future.",singapore_government; moneysense_program; financial_industry,financial_literacy; financial_education; budgeting; saving; retirement_planning; govt_initiative,singapore,empowerment; confidence; resilience; security
"The Singaporean education system is placing a greater emphasis on creativity and innovation through the arts and design curriculum. Schools are now required to integrate arts education into the core curriculum, providing students with opportunities to engage in visual arts, music, and drama. This initiative is designed to foster creative thinking, self-expression, and collaboration. Furthermore, new specialized arts and design schools have been established to provide a more focused pathway for artistically inclined students. The government believes that a strong foundation in the arts is essential for developing a well-rounded individual who can think outside the box and contribute to a more vibrant and innovative society. This holistic approach recognizes that creativity is a key skill for the future economy, and it is nurtured from a young age.",singaporean_education_system; arts_design_curriculum; arts_design_schools; government,arts_education; creativity; innovation; holistic_education; creative_thinking; future_economy,singapore,
"The rise of artificial intelligence (AI) in Singapore's financial sector is reshaping the landscape of consumer banking, with AI-powered chatbots and virtual assistants providing 24/7 customer support and personalized financial advice. Banks are leveraging AI to analyze customer data and offer tailored products, from credit cards to personal loans, at the right time. This technology is not only improving customer experience but also enhancing operational efficiency by automating routine tasks and reducing processing times. The Monetary Authority of Singapore (MAS) is actively encouraging the responsible use of AI in finance, providing guidelines and support to ensure that these technologies are deployed in a fair and transparent manner. This embrace of AI is a key part of Singapore's strategy to maintain its competitive edge as a global financial hub.",artificial_intelligence; singapore; financial_sector; consumer_banking; monetary_authority_of_singapore; mas; global_financial_hub,ai_in_finance; customer_experience; operational_efficiency; automation; responsible_ai; financial_innovation,singapore,embrace; encouragement
"The Singaporean education system is making a concerted effort to foster a culture of resilience and mental well-being among students, a crucial aspect of holistic development. New programs and curriculum materials have been introduced to help students understand and manage their emotions, cope with stress, and build strong interpersonal relationships. The Ministry of Education has also increased the number of school counselors and enhanced their training to better support students facing mental health challenges. This proactive and supportive approach recognizes that academic success is inextricably linked to a student's emotional health. The focus is on creating a safe and nurturing school environment where students feel comfortable seeking help and are equipped with the life skills to navigate the complexities of modern life.",ministry_of_education; school_counselors; education_system,student_mental_health; resilience_building; holistic_development; curriculum_change; life_skills,singapore,resilience; supportive; nurturing
"The Singaporean banking sector is spearheading the development of digital identities for consumers, a move that will simplify financial transactions and enhance security. The Monetary Authority of Singapore (MAS) is working with banks and other financial institutions to create a secure, interoperable digital identity framework that will allow consumers to verify their identity seamlessly across different services. This initiative, known as the National Digital Identity (NDI) project, will reduce the need for physical documentation and provide a more secure and efficient way to conduct financial transactions. This framework is a cornerstone of Singapore's Smart Nation initiative, aiming to build a more convenient and secure digital ecosystem for all citizens and businesses, from banking to e-government services.",monetary_authority_of_singapore; mas; national_digital_identity; ndi; smart_nation,digital_identity; banking_sector; financial_transactions; digital_security; e-government,singapore,
"Singapore's universities are increasingly focused on developing interdisciplinary programs that combine technology with the humanities and social sciences. New degrees in fields like 'Digital Humanities' and 'Urban Science' are being offered, which require students to integrate knowledge from multiple disciplines to solve complex real-world problems. This approach reflects the understanding that the most significant challenges of the future will require both technical expertise and a deep understanding of human behavior and societal dynamics. This pedagogical shift encourages students to think critically, collaborate effectively, and apply a broad range of skills to create innovative solutions. It represents a bold move to bridge the gap between STEM and the humanities, creating graduates who are not only technically proficient but also socially and culturally aware.",singapore_universities; digital_humanities; urban_science; stem; humanities; social_sciences,interdisciplinary_programs; pedagogical_shift; education_integration; future_skills; innovative_solutions,singapore,innovation; confidence
"The Singaporean government is pushing to make finance a more accessible and inclusive sector, with new regulations designed to protect vulnerable consumers and promote financial literacy. The Monetary Authority of Singapore (MAS) has introduced guidelines to ensure that financial products are clearly explained and that consumers are not sold products that are unsuitable for their risk profile. Furthermore, there are now national campaigns and educational resources to help citizens, particularly the youth and the elderly, better understand financial concepts like budgeting, saving, and investing. This focus on financial inclusion is crucial for building a more resilient society where all citizens have the knowledge and tools to manage their finances effectively and secure their financial future.",singaporean_government; monetary_authority_of_singapore,financial_inclusion; financial_literacy; consumer_protection; new_regulations,singapore,security
"Singapore's primary schools are embracing a more flexible and student-centric approach to learning, with the implementation of the Primary Education Review and Implementation (PERI) recommendations. This framework encourages schools to move away from rote learning and toward more hands-on, activity-based lessons that cater to different learning styles. The curriculum now incorporates more playtime and non-academic activities, recognizing the importance of play in a child's development. This shift aims to create a more enjoyable and less stressful learning environment for young students, fostering a love for learning that will last a lifetime. The focus is on nurturing a child's natural curiosity and creativity, providing a strong foundation for their future academic and personal growth.",primary_education_review_and_implementation; peri,primary_education; education_reform; student_centric; activity_based_learning; child_development,singapore,enjoyment; less_stress; positive_change
"The Singaporean banking sector is pioneering the use of blockchain technology to streamline cross-border payments, making international transactions faster, cheaper, and more transparent. Several major banks have collaborated with the Monetary Authority of Singapore (MAS) to explore the use of distributed ledger technology (DLT) for cross-border payments, reducing the need for multiple intermediaries and lengthy processing times. This initiative is a response to the growing demand for more efficient international payment solutions, particularly for businesses and individuals operating in the region. The use of blockchain promises to enhance security and reduce the risk of fraud, while also providing a clear audit trail for all transactions. This technological leap is a key part of Singapore's strategy to become a leading hub for regional financial services.",monetary_authority; mas; banking_sector; blockchain; dlt,cross_border_payment; blockchain; financial_innovation; payment_solutions; financial_services,singapore,
"The Singaporean education system is placing a strong emphasis on digital literacy and critical thinking skills to help students navigate the complexities of the digital age. New curriculum guidelines have been introduced to teach students how to evaluate the credibility of online information, identify fake news, and practice responsible online behavior. These skills are now considered as important as traditional literacy and numeracy. Schools are using a variety of interactive tools and real-world case studies to make these lessons relevant and engaging. The goal is to equip students with the ability to be discerning and responsible digital citizens who can contribute positively to an increasingly interconnected world. This proactive approach ensures that students are not just passive consumers of information but active and critical thinkers.",education_system; curriculum_guidelines; digital_age; digital_citizens,digital_literacy; critical_thinking; fake_news; responsible_online,singapore,
"Singapore's insurance sector is evolving to meet the needs of a rapidly aging population, with a growing number of new products tailored to senior citizens. Insurers are introducing flexible health insurance plans, long-term care policies, and retirement annuities that provide a stable income stream for retirees. The use of technology is helping to make these products more accessible and understandable, with digital platforms that offer clear comparisons and easy application processes. The government is also playing a key role, with schemes like the CareShield Life long-term care insurance providing a basic level of protection for all citizens. This collaborative effort between the public and private sectors is crucial for ensuring that all Singaporeans have the financial security they need to age with dignity and peace of mind.",careshield_life,aging_population; long_term_care; insurance_products; financial_security; retirement_planning,singapore,security; dignity; peace_of_mind
"Singapore's universities are actively promoting social entrepreneurship and innovation, encouraging students to develop solutions that address social and environmental challenges. New programs and incubators have been established to support student-led startups with a social mission, providing them with mentorship, funding, and networking opportunities. These initiatives are often interdisciplinary, bringing together students from engineering, business, and social sciences to collaborate on projects ranging from sustainable urban farming to technology for the elderly. This focus on social impact is part of a broader trend in higher education to move beyond purely economic goals and cultivate a generation of leaders who are committed to creating a more equitable and sustainable society. It reflects a growing desire among students to use their skills to make a positive difference in the world.",singapore_universities; social_entrepreneurship; student_led_startups; sustainable_urban_farming; technology_for_the_elderly; higher_education,social_innovation; university_support; social_impact; interdisciplinary; sustainable_society; student_startups,singapore,commitment; desire; positive
"The Monetary Authority of Singapore (MAS) is taking a proactive stance on digital asset regulation, aiming to balance innovation with a need for consumer protection. New guidelines have been issued for digital payment token service providers, clarifying rules on licensing, anti-money laundering controls, and market conduct. This regulatory clarity is attracting more legitimate and well-capitalized players to the Singapore market, solidifying its position as a hub for blockchain and cryptocurrency innovation in a responsible manner. The MAS has also launched Project Ubin, a collaborative effort with the financial industry to explore the use of distributed ledger technology for clearing and settlement of payments and securities. This forward-looking approach ensures that Singapore remains at the forefront of financial technology while mitigating potential risks associated with the nascent digital asset space.",monetary_authority_of_singapore; mas; digital_payment_token; project_ubin; distributed_ledger_technology,digital_asset_regulation; financial_innovation; regulatory_clarity; consumer_protection; blockchain,singapore,proactive; responsibility
"The Singaporean education system is increasingly focused on cultivating a culture of innovation and problem-solving through its science and technology curriculum. Schools are integrating robotics, coding, and artificial intelligence into the classroom, providing students with hands-on experience in these fields. This is part of a broader strategy to prepare students for a knowledge-based economy where technical skills and creative thinking are highly valued. Furthermore, the Ministry of Education is encouraging schools to organize more hackathons and innovation challenges, where students can work in teams to solve real-world problems. This experiential learning approach helps students to develop crucial skills like collaboration, critical thinking, and resilience, which are essential for success in the future workforce.",singaporean_education_system; ministry_of_education; robotics; coding; artificial_intelligence; knowledge_based_economy; hackathons; innovation_challenges,education_innovation; stem_education; experiential_learning; skill_development; future_workforce; problem_solving,singapore,
"Singapore's financial sector is making significant strides in cybersecurity, with institutions investing heavily in advanced security measures to protect against increasingly sophisticated cyber threats. The Monetary Authority of Singapore (MAS) has set out stringent security guidelines, including the requirement for all financial institutions to conduct regular vulnerability assessments and penetration testing. This proactive approach ensures that the financial ecosystem is robust and able to withstand a wide range of cyber-attacks, from ransomware to phishing scams. Furthermore, there is a strong emphasis on industry-wide collaboration, with institutions sharing threat intelligence and best practices to stay one step ahead of cybercriminals. This collective effort is crucial for maintaining the trust and confidence that is the cornerstone of Singapore's success as a global financial hub.",monetary_authority_of_singapore; mas; financial_sector,cybersecurity; security_guidelines; cyber_threats; industry_collaboration; threat_intelligence,singapore,trust; confidence
"The Singaporean education system is placing a renewed emphasis on values and character development, recognizing that a well-rounded individual needs more than just academic knowledge. The curriculum now includes a strong focus on empathy, resilience, and civic responsibility, taught through a variety of classroom activities and community service projects. The Ministry of Education believes that these core values are essential for building a cohesive and caring society. Schools are also encouraged to provide more opportunities for students to engage in meaningful community service, allowing them to apply their values in a real-world setting. This holistic approach to education aims to produce not just high-achieving individuals, but responsible and compassionate citizens who can contribute meaningfully to the well-being of the nation.",ministry_of_education; singaporean_education_system,character_development; values_education; holistic_education; community_service; civic_responsibility,singapore,empathy; resilience; compassion
"The Singaporean banking industry is at the forefront of the global push for sustainable finance, with major banks actively developing and promoting green financial products. This includes green loans for businesses that meet specific environmental targets and green bonds to fund projects in renewable energy and sustainable infrastructure. The Monetary Authority of Singapore (MAS) has been a key driver of this trend, providing grants and regulatory support to encourage financial institutions to integrate environmental, social, and governance (ESG) factors into their core business operations. This strategic pivot is not just about meeting a global trend; it is about cementing Singapore's role as a leading green finance hub in Asia, attracting a new class of investors who are seeking to align their capital with their values.",mas; esg,sustainable_finance; green_finance; green_loans; green_bonds; esg_integration; regulatory_support; green_finance_hub,singapore; asia,
"The Singaporean education system is increasingly leveraging technology to provide a more personalized learning experience for students. Schools are adopting adaptive learning platforms that use artificial intelligence to tailor content and pacing to each student's needs, providing targeted support where it is most needed. This allows educators to move beyond a one-size-fits-all approach and focus on higher-level activities like critical thinking and project-based learning. The Ministry of Education is also providing teachers with extensive training on how to effectively integrate technology into their lessons, ensuring that it enhances rather than replaces the role of the educator. This forward-looking approach is a key part of Singapore's Smart Nation initiative, aiming to create a more effective and equitable education system.",ministry_of_education; smart_nation; artificial_intelligence; adaptive_learning,education_technology; personalized_learning; teacher_training; education_system,singapore,progress
"The Monetary Authority of Singapore's (MAS) push for green finance is reshaping the entire financial ecosystem, with a new focus on Environmental, Social, and Governance (ESG) criteria. A key initiative is the launch of the MAS Green Bonds"" program, aimed at encouraging both public and private sector entities to raise capital for projects that support a low-carbon transition. This has spurred a wave of innovation in financial products, including sustainability-linked loans and climate-focused investment funds. Financial institutions are now required to disclose their climate-related risks and opportunities, which enhances transparency and helps investors make more informed decisions. This concerted effort is positioning Singapore as a global leader in sustainable finance, attracting international capital and expertise while helping to address the pressing challenges of climate change across the region.""",mas; esg; mas_green_bonds,green_finance; sustainable_finance; esg_criteria; low_carbon_transition; climate_risk; financial_innovation,singapore,concern
"Singapore's university sector is increasingly focused on developing a more flexible and modular approach to higher education, allowing students to customize their degrees to match their career aspirations. This includes the introduction of stackable"" certificates and micro-credentials that can be combined to form a full degree, giving students more control over their learning journey. Universities are also collaborating with industry partners to co-develop specialized courses and capstone projects that address real-world business challenges. This shift is a response to the rapid pace of change in the job market, where a single degree may not be enough to sustain a career for a lifetime. The goal is to create a system of higher education that is more responsive to the needs of the economy and better prepares graduates for a world of continuous learning and career transitions.""",university_sector; stackable_certificates; micro-credentials; industry_partners; capstone_projects,higher_education; flexible_education; modular_learning; customized_degrees; continuous_learning; industry_collaboration,singapore,
"The Singaporean banking industry is leading the way in adopting advanced analytics to enhance risk management and fraud detection. By leveraging big data and machine learning, banks can now analyze vast amounts of transaction data in real-time, identifying suspicious patterns and preventing fraudulent activities before they occur. This proactive approach not only protects consumers but also strengthens the integrity of the financial system as a whole. The Monetary Authority of Singapore (MAS) has been a strong supporter of this trend, providing a secure data-sharing framework that allows financial institutions to collaborate on combating financial crime. This technological advancement is a key part of Singapore's strategy to maintain its reputation as a safe and reliable financial hub in a globalized world.",singaporean_banking_industry; monetary_authority_of_singapore; mas,advanced_analytics; risk_management; fraud_detection; big_data; machine_learning; financial_crime; financial_hub,singapore,
"Singapore's education system is actively promoting a 'learning for life' philosophy, moving beyond formal education to provide citizens with continuous opportunities for skills development. The SkillsFuture initiative is at the heart of this effort, providing all Singaporeans with a credit to offset the cost of courses, encouraging them to take charge of their own learning. This national movement is supported by a network of educational institutions, training providers, and companies that offer a wide range of courses, from technical skills to soft skills like leadership and communication. The government believes that this culture of lifelong learning is essential for building a resilient workforce that can adapt to the rapid changes brought about by automation and digitalization, ensuring that no one is left behind in the future economy.",skillsfuture; government,lifelong_learning; skills_development; resilient_workforce; future_economy; upskilling,singapore,concern
"The fintech scene in Singapore is seeing a surge of innovation in the areas of cross-border payments and remittances, driven by a need for more efficient and cost-effective solutions. Companies are leveraging blockchain technology and digital currencies to bypass traditional banking intermediaries, making international money transfers faster and more transparent. The Monetary Authority of Singapore (MAS) has been a key enabler of this trend, with Project Ubin exploring the use of distributed ledger technology for clearing and settlement. This forward-looking approach is cementing Singapore's role as a testbed for new financial technologies, attracting startups and established players from around the world who are looking to revolutionize the way money moves across borders.",mas; project_ubin; blockchain_technology; digital_currencies; distributed_ledger,fintech_innovation; cross-border_payments; remittances; financial_technology; testbed,singapore,optimism
"Singapore's universities are re-imagining their role as community hubs, offering a wide range of professional development courses and public lectures to engage the wider society. This initiative is designed to make knowledge more accessible and to foster a culture of intellectual curiosity among the general public. Universities are also partnering with community organizations and government agencies to address pressing social and environmental challenges, from sustainable urban planning to solutions for an aging population. This shift reflects a growing recognition that universities have a responsibility to contribute to the well-being and development of the broader community, moving beyond their traditional roles as centers for teaching and research to become catalysts for positive change.",singapore_universities; community_organizations; government_agencies,community_hubs; professional_development; lifelong_learning; knowledge_accessibility; societal_impact; aging_population; urban_planning,singapore,curiosity; positive_change
"The Singaporean government is taking a strong stance on financial literacy, with new initiatives to equip citizens with the knowledge and skills they need to make sound financial decisions. The MoneySENSE program, a collaboration between government agencies and the financial industry, offers a wide range of educational resources, from workshops on budgeting and saving to online tools for retirement planning. The focus is on providing unbiased and actionable advice that is relevant to the needs of different groups, from young adults to seniors. This proactive approach to financial education is crucial for building a more resilient and empowered society, where all citizens have the confidence and capability to manage their finances effectively and secure their financial future.",singaporean_government; moneysense_program,financial_literacy; financial_education; budgeting; saving; retirement_planning,singapore,empowerment; resilience; confidence
